isbn|name|category|writer|publisher|first_pub_date|page_count
9786051853154|Son|Roman|Ayşe Kulin|Everest Yayınları|2018|304
9786053757818|Fahrenheit 451|Roman|Ray Bradbury|İthaki Yayınları|2018|208
9786050955804|Kumandanı Öldürmek|Roman|Haruki Murakami|Doğan Kitap|2018|848
9786053326090|Olağanüstü Bir Gece|Roman|Stefan Zweig|İş Bankası Kültür Yayınları|2015|80
9786053606116|Satranç|Roman|Stefan Zweig|İş Bankası Kültür Yayınları|2012|77
9786053606604|Bilinmeyen Bir Kadının Mektubu|Roman|Stefan Zweig|İş Bankası Kültür Yayınları|2012|68
9786056842689|Antika Titanik|Roman|Murat Menteş|April Yayıncılık|2018|360
9789755705859|Fareler ve İnsanlar|Roman|John Steinbeck|Sel Yayıncılık|2012|128
9789753638029|Kürk Mantolu Madonna|Roman|Sabahattin Ali|Yapı Kredi Yayınları|1998|164
9786053609322|Dönüşüm|Roman|Franz Kafka|İş Bankası Kültür Yayınları|2013|74
9789750719387|Hayvan Çiftliği|Roman|George Orwell|Can Yayınları|2001|160
9789756902165|Cesur Yeni Dünya|Roman|Aldous Huxley|İthaki Yayınları|2003|349
9789750738746|Sarsıntı|Roman|Barış İnce|Can Yayınları|2018|120
9789750724756|Yabancı|Roman|Albert Camus|Can Yayınları|1996|119
9789754582901|Sineklerin Tanrısı|Roman|William Golding|İş Bankası Kültür Yayınları|2006|262
9789754589023|Suç ve Ceza - Hasan Ali Yücel Klasikleri|Roman|Fyodor Mihayloviç Dostoyevski|İş Bankası Kültür Yayınları|2006|704
9786052980811|Körlük|Roman|Jose Saramago|Kırmızı Kedi|2017|336
9786052955857|Lyon'da Düğün|Roman|Stefan Zweig|İş Bankası Kültür Yayınları|2018|56
9789750726439|Simyacı|Roman|Paulo Coelho|Can Yayınları|2010|166
9786053329527|Bir Çöküşün Öyküsü|Roman|Stefan Zweig|İş Bankası Kültür Yayınları|2017|56
9789750718533|1984|Roman|George Orwell|Can Yayınları|2000|352
9789753638036|İçimizdeki Şeytan|Roman|Sabahattin Ali|Yapı Kredi Yayınları|2016|254
9786053043249|Üç Kız Kardeş|Roman|İclal Aydın|Artemis Yayınları|2018|372
9786052956588|Kalede 1 Başına|Roman|Sunay Akın|İş Bankası Kültür Yayınları|2018|192
9789755706849|Bülbülü Öldürmek|Roman|Harper Lee|Sel Yayıncılık|2014|355
9789750738784|Sıradan Bir Gün|Roman|Yekta Kopan|Can Yayınları|2018|184
9786059702942|Fırtınada Yanacaksın|Roman|John Verdon|Koridor Yayıncılık|2018|528
9786052951569|Altıncı Koğuş|Roman|Anton Pavloviç Çehov|İş Bankası Kültür Yayınları|2017|72
9789750800016|Kuyucaklı Yusuf|Roman|Sabahattin Ali|Yapı Kredi Yayınları|2001|220
9789753636360|Çavdar Tarlasında Çocuklar|Roman|Jerome David Salinger|Yapı Kredi Yayınları|2006|200
9789750721571|Kırmızı Pazartesi|Roman|Gabriel Garcia Marquez|Can Yayınları|2000|111
9786052951606|Mecburiyet|Roman|Stefan Zweig|İş Bankası Kültür Yayınları|2017|56
9786059641418|Kendine Ait Bir Oda|Roman|Virginia Woolf|Aspendos Yayıncılık|2018|144
9786052955840|Rahel Tanrı'yla Hesaplaşıyor|Roman|Stefan Zweig|İş Bankası Kültür Yayınları|2018|80
9786050955378|Tekvin|Roman|Arif Ergin|Doğan Kitap|2018|604
9786052241448|Viking Masalları|Roman|Jennie Hall|Karakarga|2018|187
9786057525161|Düşerken|Roman|Tarık Tufan|Profil Kitap|2018|304
9786051850665|Kuşlar Yasına Gider|Roman|Hasan Ali Toptaş|Everest Yayınları|2016|250
9789750835292|Doppler|Roman|Erlend Loe|Yapı Kredi Yayınları|2016|124
9789753425285|Mülksüzler|Roman|Ursula K. Le Guin|Metis Yayıncılık|2017|336
9786052241295|Japon Masalları|Roman|Yei Theodora Ozaki|Karakarga|2018|328
9786051852478|Kırlangıç Çığlığı|Roman|Ahmet Ümit|Everest Yayınları|2018|400
9789944885706|Otomatik Portakal|Roman|Anthony Burgess|İş Bankası Kültür Yayınları|2009|172
9789750738814|Sürüklenme|Roman|Latife Tekin|Can Yayınları|2018|192
9789752123267|Başlangıç|Roman|Dan Brown|Altın Kitaplar|2017|536
9786053758754|Orsinya Öyküleri|Roman|Ursula K. Le Guin|İthaki Yayınları|2018|224
9789944983990|Beyaz Zambaklar Ülkesinde|Roman|Grigory Petrov|Koridor Yayıncılık|2007|229
9789944829670|Martı Jonathan Livingston|Roman|Richard Bach|Epsilon Yayınevi|2000|152
9789750802942|Harry Potter ve Felsefe Taşı - 1.Kitap|Roman|J. K. Rowling|Yapı Kredi Yayınları|2016|276
9786050900286|Serenad|Roman|Zülfü Livaneli|Doğan Kitap|2016|484
9789750737497|Bir Kalbin Çöküşü|Roman|Stefan Zweig|Can Yayınları|2018|56
9786056785955|Leyla ile Mecnun|Roman|Burak Aksak|Küsurat|2018|272
9786053114673|Nefesi Tutku Olan Kadın-Afife Jale|Roman|Osman Balcıgil|Destek Yayınları|2018|488
9789750738807|Manves City|Roman|Latife Tekin|Can Yayınları|2018|152
9786053758723|Kadınlar Ülkesi|Roman|Charlotte Perkins Gilman|İthaki Yayınları|2018|216
9789752891456|Uçurtma Avcısı|Roman|Khaled Hosseini|Everest Yayınları|2004|375
9786050940596|Damızlık Kızın Öyküsü|Roman|Margaret Atwood|Doğan Kitap|2017|384
9789750719394|Siddhartha|Roman|Hermann Hesse|Can Yayınları|2002|152
9786050916362|Son Ada|Roman|Zülfü Livaneli|Doğan Kitap|2013|196
9789750737503|O Muydu?|Roman|Stefan Zweig|Can Yayınları|2018|56
9786053758747|Yaban Diyarlarda Yabancı|Roman|Robert A. Heinlein|İthaki Yayınları|2018|712
9789944884013|Yeraltından Notlar - Hasan Ali Yücel Klasikleri|Roman|Fyodor Mihayloviç Dostoyevski|İş Bankası Kültür Yayınları|2008|140
9786050955217|Sızı|Roman|Canan Tan|Doğan Kitap|2018|168
9786053607038|İnsan Neyle Yaşar? - Hasan Ali Yücel Klasikleri|Roman|Lev Nikolayeviç Tolstoy|İş Bankası Kültür Yayınları|2012|112
9786053758808|Dirilen Öfke|Roman|Richard K. Morgan|İthaki Yayınları|2018|584
9789752124394|On Küçük Zenci|Roman|Agatha Christie|Altın Kitaplar|2018|224
9786050939828|Huzursuzluk|Roman|Zülfü Livaneli|Doğan Kitap|2017|160
9789750735646|Aylak Adam|Roman|Yusuf Atılgan|Can Yayınları|2017|192
9789750730153|Veronika Ölmek İstiyor|Roman|Paulo Coelho|Can Yayınları|2010|203
9786050914443|Kardeşimin Hikayesi|Roman|Zülfü Livaneli|Doğan Kitap|2013|330
9789750719363|Yüzyıllık Yalnızlık|Roman|Gabriel Garcia Marquez|Can Yayınları|2016|464
9786059670999|Hint Masalları|Roman|Kolektif|Karakarga|2018|272
2789788614676|İmzalı-Uyumsuz Defne Kaman'ın Maceraları-Hava - Defter Hediyeli|Roman|Buket Uzuner|Everest Yayınları|2018|330
9786052953433|Bir Kuzey Macerası|Roman|Jack London|İş Bankası Kültür Yayınları|2018|56
9789755707402|Gazap Üzümleri|Roman|John Steinbeck|Sel Yayıncılık|2015|556
9786052241639|İran Masalları 2|Roman|Kolektif|Karakarga|2018|272
9789750807145|İnce Memed 1|Roman|Yaşar Kemal|Yapı Kredi Yayınları|2007|448
9786053758730|God of War: Resmi Roman Uyarlaması|Roman|J. M. Barlog|İthaki Yayınları|2018|404
9789755102108|Bulantı|Roman|Jean-Paul Sartre|Can Yayınları|1994|264
9789754704723|Puslu Kıtalar Atlası|Roman|İhsan Oktay Anar|İletişim Yayıncılık|1995|238
9786052953204|Zacharius Usta|Roman|Jules Verne|İş Bankası Kültür Yayınları|2018|56
9789750810039|Semerkant|Roman|Amin Maalouf|Yapı Kredi Yayınları|2001|256
9786052361801|Karantina|Roman|Beyza Alkoç|İndigo Kitap|2018|448
9786052361931|Karantina-Üçüncü Perde-Mahşerin Dört Atlısının Hikayesi|Roman|Beyza Alkoç|İndigo Kitap|2018|336
9786055819439|Mumu|Roman|Ivan Sergeyeviç Turgenyev|Helikopter|2015|124
9789754058789|Acı Kahve|Roman|Agatha Christie|Altın Kitaplar|2018|152
9786051922454|Misafir|Roman|Nermin Yıldırım|Hep Kitap|2018|332
9789750802959|Harry Potter ve Sırlar Odası - 2.kitap|Roman|J. K. Rowling|Yapı Kredi Yayınları|2005|316
9789750842597|Bildiğimiz Dünyanın Sonu|Roman|Erlend Loe|Yapı Kredi Yayınları|2018|224
9789754700114|Tutunamayanlar - Bütün Eserleri - 1|Roman|Oğuz Atay|İletişim Yayıncılık|2000|724
9786051852973|Uyumsuz Defne Kaman'ın Maceraları-Hava|Roman|Buket Uzuner|Everest Yayınları|2018|330
9786050955569|Kızılgerdan|Roman|Jo Nesbo|Doğan Kitap|2018|580
9786052954539|Kızıl-Modern Klasikler Dizisi 116|Roman|Stefan Zweig|İş Bankası Kültür Yayınları|2018|72
9789754370485|Dokuzuncu Hariciye Koğuşu|Roman|Peyami Safa|Ötüken Neşriyat|1996|112
9789750832208|Günden Kalanlar|Roman|Kazuo Ishiguro|Yapı Kredi Yayınları|2015|208
9789750835605|Kırmızı Saçlı Kadın|Roman|Orhan Pamuk|Yapı Kredi Yayınları|2016|204
9789759917951|Kinyas ve Kayra|Roman|Hakan Günday|Doğan Kitap|2003|576
9786057976017|Paris'ten Çiçeklerle|Roman|Sarah Jio|Pena Yayınları|2018|344
9789750809774|Doğu'nun Limanları|Roman|Amin Maalouf|Yapı Kredi Yayınları|1996|176
9786053758617|Cesur Yeni Dünyayı Ziyaret|Roman|Aldous Huxley|İthaki Yayınları|2018|128
9786052953440|Geçmişe Yolculuk|Roman|Stefan Zweig|İş Bankası Kültür Yayınları|2018|56
9789758434572|Sofie'nin Dünyası|Roman|Jostein Gaarder|Pan Yayıncılık|2002|587
9786052361924|Karantina-Üçüncü Perde-Mahşerin Dört Atlısının Hikayesi|Roman|Beyza Alkoç|İndigo Kitap|2018|336
9789750803314|Harry Potter ve Ateş Kadehi - 4.kitap|Roman|J. K. Rowling|Yapı Kredi Yayınları|2000|660
9789750732737|Gülün Adı|Roman|Umberto Eco|Can Yayınları|1999|605
9786053608288|Kumarbaz - Hasan Ali Yücel Klasikleri|Roman|Fyodor Mihayloviç Dostoyevski|İş Bankası Kültür Yayınları|2013|192
9789750705243|Benim Hüzünlü Orospularım|Roman|Gabriel Garcia Marquez|Can Yayınları|2005|96
9789752124165|Örümcek Ağı|Roman|Agatha Christie|Altın Kitaplar|2018|192
9789750807213|Kuşlar da Gitti|Roman|Yaşar Kemal|Yapı Kredi Yayınları|2003|79
9789944880985|Karamazov Kardeşler - Hasan Ali Yücel Klasikleri|Roman|Fyodor Mihayloviç Dostoyevski|İş Bankası Kültür Yayınları|2007|1016
9786053323112|Genç Bir Doktorun Anıları|Roman|Mihayl Afanasyeviç Bulgakov|İş Bankası Kültür Yayınları|2014|168
9789750713392|İki Şehrin Hikayesi|Roman|Charles Dickens|Can Yayınları|2011|464
9786053325536|Yakıcı Sır|Roman|Stefan Zweig|İş Bankası Kültür Yayınları|2015|96
9786053324249|Dava|Roman|Franz Kafka|İş Bankası Kültür Yayınları|2015|224
9789752554627|Beyaz Zambaklar Ülkesinde|Roman|Grigory Petrov|IQ Kültür Sanat Yayıncılık|2017|200
9789750726170|Varolmanın Dayanılmaz Hafifliği|Roman|Milan Kundera|Can Yayınları|2015|336
9789750716089|İnsancıklar|Roman|Fyodor Mihayloviç Dostoyevski|Can Yayınları|2013|184
9789755391465|Nietzsche Ağladığında|Roman|Irvin D. Yalom|Ayrıntı Yayınları|2000|432
9786053115021|Bukre Kalp|Roman|Kahraman Tazeoğlu|Destek Yayınları|2018|232
9789750807046|Yılanı Öldürseler|Roman|Yaşar Kemal|Yapı Kredi Yayınları|1976|112
9786050955699|Kalp Gidince|Roman|Margaret Atwood|Doğan Kitap|2018|400
9789754050943|Doğu Ekspresinde Cinayet|Roman|Agatha Christie|Altın Kitaplar|2007|170
9789755708553|Mevsim Yas|Roman|Mehtap Ceyran|Sel Yayıncılık|2017|214
9789750807411|Ağrıdağı Efsanesi|Roman|Yaşar Kemal|Yapı Kredi Yayınları|2007|130
9786052981320|Görmek|Roman|Jose Saramago|Kırmızı Kedi|2017|324
9789754051520|Hayvan Mezarlığı - Gecenin Pençesi|Roman|Stephen King|Altın Kitaplar|2003|399
9786050906486|Leyla'nın Evi|Roman|Zülfü Livaneli|Doğan Kitap|2012|284
9789754700671|Bir Bilim Adamının Romanı|Roman|Oğuz Atay|İletişim Yayıncılık|1987|280
9789752104037|Da Vinci Şifresi|Roman|Dan Brown|Altın Kitaplar|2003|495
9789756006054|Olasılıksız|Roman|Adam Fawer|April Yayıncılık|2018|475
9789750725050|Güneşi Uyandıralım|Roman|Jose Mauro De Vasconcelos|Can Çocuk Yayınları|2000|256
9789751416575|Kral Kaybederse|Roman|Gülseren Budayıcıoğlu|Remzi Kitabevi|2015|384
9789755708409|Kabuk|Roman|Zeynep Kaçar|Sel Yayıncılık|2017|173
9789752119277|O|Roman|Stephen King|Altın Kitaplar|2000|1216
9786053609902|Bir İdam Mahkumunun Son Günü-Hasan|Roman|Victor Hugo|İş Bankası Kültür Yayınları|2013|136
9786051850412|Ben Bir Gürgen Dalıyım|Roman|Hasan Ali Toptaş|Everest Yayınları|2016|160
9786051852782|Aeden|Roman|Akilah Azra Kohen|Everest Yayınları|2018|584
9789753429986|Uzun Yürüyüş|Roman|Ayhan Geçgin|Metis Yayıncılık|2015|160
9786055903732|Bir At Bara Girmiş|Roman|David Grossman|Siren Yayınları|2015|216
9789752112438|Dijital Kale|Roman|Dan Brown|Altın Kitaplar|2010|400
9786054927579|Bilinmeyen Adanın Öyküsü|Roman|Jose Saramago|Kırmızı Kedi|2017|64
9789754055856|Medyum|Roman|Stephen King|Altın Kitaplar|2000|400
9789752894846|Bin Muhteşem Güneş|Roman|Khaled Hosseini|Everest Yayınları|2008|430
9786053325949|Köpek Kalbi|Roman|Mihayl Afanasyeviç Bulgakov|İş Bankası Kültür Yayınları|2015|136
9786052361825|Karantina İkinci Perde|Roman|Beyza Alkoç|İndigo Kitap|2018|352
9789752201682|Yaşlı Adam ve Deniz|Roman|Ernest Hemingway|Bilgi Yayınevi|2006|136
9789752123748|İlahi Komedya Seti-3 Kitap Takım Özel Kutulu|Roman|Dante Alighieri|Altın Kitaplar|2018|0
9789750805561|Bozkırkurdu|Roman|Hermann Hesse|Yapı Kredi Yayınları|2003|218
9786051410036|Uyumsuz Defne Kaman'ın Maceraları-Su|Roman|Buket Uzuner|Everest Yayınları|2012|344
9789750724787|Delifişek|Roman|Jose Mauro De Vasconcelos|Can Çocuk Yayınları|2013|88
9786051920092|Her Şeyi Bitirmeyi Düşünüyorum|Roman|Iain Reid|Hep Kitap|2016|184
9786053325956|Muhteşem Gatsby|Roman|F. Scott Fitzgerald|İş Bankası Kültür Yayınları|2015|184
9789750803116|Harry Potter ve Azkaban Tutsağı - 3.kitap|Roman|J. K. Rowling|Yapı Kredi Yayınları|2006|396
9786053758358|Bu Ölümsüz|Roman|Roger Zelazny|İthaki Yayınları|2018|208
9786053758037|Tolkien Mirası Seti-5 Kitap Takım Kutulu|Roman|J.R.R. Tolkien|İthaki Yayınları|2018|1336
9786059144971|Kendine Ait Bir Oda|Roman|Virginia Woolf|İndigo Kitap|2017|160
9786050929812|İmkansızın Şarkısı|Roman|Haruki Murakami|Doğan Kitap|2004|352
9786053757986|İkinci Vakıf-Vakıf Serisi|Roman|Isaac Asimov|İthaki Yayınları|2018|272
9789750722486|Zorba|Roman|Nikos Kazancakis|Can Yayınları|2000|335
9786051113869|Sahilde Kafka|Roman|Haruki Murakami|Doğan Kitap|2009|656
9786053328926|Ermişin Bahçesi|Roman|Halil Cibran|İş Bankası Kültür Yayınları|2016|56
9789754587197|Oblomov - Hasan Ali Yücel Klasikleri|Roman|İvan Aleksandroviç Gonçarov|İş Bankası Kültür Yayınları|2006|632
9789750808869|Ses ve Öfke|Roman|William Faulkner|Yapı Kredi Yayınları|2004|304
9789752124547|Cinayet Alfabesi-Tam Metin|Roman|Agatha Christie|Altın Kitaplar|2018|256
9789750826146|Masumiyet Müzesi|Roman|Orhan Pamuk|Yapı Kredi Yayınları|2013|465
9789752104556|Melekler ve Şeytanlar|Roman|Dan Brown|Altın Kitaplar|2004|576
9789752733732|Hobbit|Roman|J.R.R. Tolkien|İthaki Yayınları|2017|333
9786053758211|İşte İnsan|Roman|Michael Moorcock|İthaki Yayınları|2018|172
9789750728273|Veba|Roman|Albert Camus|Can Yayınları|2000|277
9786055162757|Dublörün Dilemması|Roman|Murat Menteş|April Yayıncılık|2016|272
9789750738753|Titan'ın Sirenleri|Roman|Kurt Vonnegut|Can Yayınları|2018|312
9786053758525|İskandinav Mitolojisi|Roman|Neil Gaiman|İthaki Yayınları|2018|312
9789750735639|Anayurt Oteli|Roman|Yusuf Atılgan|Can Yayınları|2017|128
9786059144834|Bir Delinin Hatıra Defteri|Roman|Nikolay Vasilyeviç Gogol|İndigo Kitap|2017|120
9786051715193|Otostopçunun Galaksi Rehberi-5 Kitap Bir Arada|Roman|Douglas Adams|Alfa Yayıncılık|2017|868
9786050904192|Mutluluk|Roman|Zülfü Livaneli|Doğan Kitap|2011|392
9789752104679|16.50 Treni|Roman|Agatha Christie|Altın Kitaplar|2004|288
9789752448308|Abum Rabum|Roman|İskender Pala|Kapı Yayınları|2017|528
9789750524745|Labirent|Roman|Burhan Sönmez|İletişim Yayıncılık|2018|123
9786051850931|Ve Dağlar Yankılandı-Midi Boy|Roman|Khaled Hosseini|Everest Yayınları|2017|480
9789752114074|Mahşer- Sansürsüz Tam Metin|Roman|Stephen King|Altın Kitaplar|2012|1216
9786050955408|Tanık|Roman|Pınar Eğilmez|Doğan Kitap|2018|180
9786052361634|Amok Koşucusu|Roman|Stefan Zweig|İndigo Kitap|2018|80
9789754702095|Tehlikeli Oyunlar|Roman|Oğuz Atay|İletişim Yayıncılık|2000|479
9789752893092|Kabuk Adam|Roman|Aslı Erdoğan|Everest Yayınları|2006|140
9789750812989|Harry Potter ve Ölüm Yadigarları - 7. Kitap|Roman|J. K. Rowling|Yapı Kredi Yayınları|2007|696
9786051980560|Zamanı Durdurmanın Yolları|Roman|Matt Haig|Domingo Yayınevi|2018|328
9786051852621|Dönüş|Roman|Ayşe Kulin|Everest Yayınları|2018|272
9786050956016|Bir Ölüm ve Birkaç Skandal|Roman|French Oje|DEX|2018|208
9789755390444|Karanlığın Sol Eli|Roman|Ursula K. Le Guin|Ayrıntı Yayınları|2013|304
9786051715124|Otostopçunun Galaksi Rehberi|Roman|Douglas Adams|Alfa Yayıncılık|2017|228
9786053321170|İvan İlyiç'in Ölümü - Hasan Ali Yücel Klasikleri|Roman|Lev Nikolayeviç Tolstoy|İş Bankası Kültür Yayınları|2014|100
9789750723322|Ateşten Gömlek|Roman|Halide Edib Adıvar|Can Yayınları|2007|256
9789750525285|Kendi Işığında Yanan Adam|Roman|Ercan Kesal|İletişim Yayıncılık|2018|139
9786050905441|Bir Kedi, Bir Adam, Bir Ölüm|Roman|Zülfü Livaneli|Doğan Kitap|2012|212
9789750726774|Şeker Portakalı - Mini Kitap|Roman|Jose Mauro De Vasconcelos|Can Yayınları|2015|360
9789752895546|Bereketli Topraklar Üzerinde|Roman|Orhan Kemal|Everest Yayınları|2008|380
9789750702938|Dorian Gray'in Portresi|Roman|Oscar Wilde|Can Yayınları|2003|252
9789750803024|Kör Baykuş|Roman|Sadık Hidayet|Yapı Kredi Yayınları|2001|100
9786053757375|Vakıf|Roman|Isaac Asimov|İthaki Yayınları|2017|304
9789750735073|Çelişki|Roman|Barış İnce|Can Yayınları|2017|112
9786050900682|Az|Roman|Hakan Günday|Doğan Kitap|2011|360
9786056840555|Soğuk Deri|Roman|Albert Sanchez Pinol|Jaguar Kitap|2018|232
9786052956267|Dorian Gray'in Portresi|Roman|Oscar Wilde|İş Bankası Kültür Yayınları|2018|272
9789750807190|Teneke|Roman|Yaşar Kemal|Yapı Kredi Yayınları|2003|168
9786054764716|Sırça Fanus|Roman|Sylvia Plath|Kırmızı Kedi|2013|256
9789754052718|Noel'de Cinayet|Roman|Agatha Christie|Altın Kitaplar|1999|175
9789753632607|Çocukluğun Soğuk Geceleri|Roman|Tezer Özlü|Yapı Kredi Yayınları|2000|72
9786053322122|Martin Eden|Roman|Jack London|İş Bankası Kültür Yayınları|2014|520
9786059232234|Schindler' in Listesi|Roman|Thomas Keneally|Ephesus Yayınları|2015|544
9789750803000|Albertine Kayıp|Roman|Marcel Proust|Yapı Kredi Yayınları|2001|288
9789753633383|Don Quijote (2 Cilt Takım)|Roman|Miguel de Cervantes Saavedra|Yapı Kredi Yayınları|2006|910
9786050955385|Havva'nın Cezası|Roman|Nermin Bezmen|Doğan Kitap|2018|216
9786050955033|Beni Bu Kadar Sevme Anne|Roman|Ahmet Naç|Doğan Kitap|2018|192
2789788614049|İmzalı-Kördüğüm-Defter Hediyeli|Roman|Ayşe Kulin|Everest Yayınları|2018|296
9786053757740|Vakıf ve İmparatorluk|Roman|Isaac Asimov|İthaki Yayınları|2018|284
9786059144964|Genç Werther'in Acıları|Roman|Johann Wolfgang Von Goethe|İndigo Kitap|2017|160
9786052955697|Monte Cristo Kontu-Hasan Ali Yücel Klasikler|Roman|Alexandre Dumas|İş Bankası Kültür Yayınları|2018|1552
9786059820370|Horror Story Seti-3 Kitap Takım Kutulu|Roman|Kolektif|Elhamra|2018|608
9786053758709|Dokudünya-Karanlık Kitaplık|Roman|Clive Barker|İthaki Yayınları|2018|656
9786050948240|Rüzgarın Şarkısını Dinle|Roman|Haruki Murakami|Doğan Kitap|2018|168
9789754371543|Toprak Ana|Roman|Cengiz Aytmatov|Ötüken Neşriyat|1999|138
9789752111929|Kayıp Sembol|Roman|Dan Brown|Altın Kitaplar|2009|528
9786056587887|Yaşamak|Roman|Yu Hua|Jaguar Kitap|2016|210
9786053325543|Dr. Jekyll ile Bay Hyde|Roman|Robert Louis Stevenson|İş Bankası Kültür Yayınları|2015|104
9786053758686|İtfaiyeci|Roman|Joe Hill|İthaki Yayınları|2018|704
9786053600138|Beyaz Diş|Roman|Jack London|İş Bankası Kültür Yayınları|2010|258
9786053754794|Dune|Roman|Frank Herbert|İthaki Yayınları|2015|712
2789788610523|Modern Dünya Klasikleri Seti - 7 Kitap Takım|Roman|Kolektif|İndigo Kitap|2017|0
9786052982617|Ölüm Bir Varmış Bir Yokmuş|Roman|Jose Saramago|Kırmızı Kedi|2013|206
9789750809958|Harry Potter ve Melez Prens - 6. Kitap|Roman|J. K. Rowling|Yapı Kredi Yayınları|2005|596
9789755705866|İnci|Roman|John Steinbeck|Sel Yayıncılık|2012|102
9786051418537|Uyumsuz Defne Kaman'ın Maceraları-Toprak|Roman|Buket Uzuner|Everest Yayınları|2015|560
9786053329121|Clarissa|Roman|Stefan Zweig|İş Bankası Kültür Yayınları|2017|184
9786052952528|Zaman Makinesi|Roman|H. G. Wells|İş Bankası Kültür Yayınları|2017|120
9789750807176|İnce Memed 2|Roman|Yaşar Kemal|Yapı Kredi Yayınları|1969|470
9789750806452|Harry Potter ve Zümrüdüanka Yoldaşlığı - 5.kitap|Roman|J. K. Rowling|Yapı Kredi Yayınları|2003|975
2789786035236|İmzalı-Nar Ağacı|Roman|Nazan Bekiroğlu|Timaş Yayınları|2012|536
9789752201699|Çanlar Kimin İçin Çalıyor|Roman|Ernest Hemingway|Bilgi Yayınevi|2006|496
9789750512018|Peri Gazozu|Roman|Ercan Kesal|İletişim Yayıncılık|2013|180
9786053336778|Fatih Harbiye|Roman|Peyami Safa|Beta Yayınları|2016|128
9789752116832|Cehennem|Roman|Dan Brown|Altın Kitaplar|2013|576
9789750502057|Oğullar ve Rencide Ruhlar|Roman|Alper Canıgüz|İletişim Yayıncılık|2003|204
9789754587029|Gurur ve Önyargı - Hasan Ali Yücel Klasikleri|Roman|Jane Austen|İş Bankası Kültür Yayınları|2006|408
9789753425988|Yüzüklerin Efendisi - I - Yüzük Kardeşliği|Roman|J.R.R. Tolkien|Metis Yayıncılık|2000|496
9786052177365|Wildcard-Joker Oyuncusunun Hikayesi|Roman|Marie Lu|Yabancı|2018|344
9789752105737|İhanet Noktası|Roman|Dan Brown|Altın Kitaplar|2005|512
9789753420570|Yerdeniz Büyücüsü - Yerdeniz Üçlemesi 1|Roman|Ursula K. Le Guin|Metis Yayıncılık|2017|192
9786053326557|Mürebbiye|Roman|Stefan Zweig|İş Bankası Kültür Yayınları|2016|96
9789944887632|Vahşetin Çağrısı|Roman|Jack London|İş Bankası Kültür Yayınları|2010|112
9789752100299|Yeşil Yol|Roman|Stephen King|Altın Kitaplar|2000|428
9789752123144|Sis-Tam Metin|Roman|Stephen King|Altın Kitaplar|2017|640
9786058720367|Peygamberden Sonra|Roman|Lesley Hazleton|Kitabix Yayınları|2013|223
9786055159832|Sonbahar|Roman|Karl Ove Knausgaard|Monokl|2018|228
9789750516832|Fakat Müzeyyen Bu Derin Bir Tutku|Roman|İlhami Algör|İletişim Yayıncılık|2014|65
9786051882673|İyi Geceler Bay Tom|Roman|Michelle Magorian|Beyaz Balina Yayınları|2018|404
9789752486201|Satranç|Roman|Stefan Zweig|Kırmızı Çatı|2018|80
9786059641371|Bir Delinin Hatıra Defteri|Roman|Nikolay Vasilyeviç Gogol|Aspendos Yayıncılık|2017|112
9786059232289|Söylemeyeceğine Söz Ver|Roman|Jennifer McMahon|Ephesus Yayınları|2012|368
9789750806735|Filler Sultanı ile Kırmızı Sakallı|Roman|Yaşar Kemal|Yapı Kredi Yayınları|1977|218
9786052950524|Alice Harikalar Diyarında|Roman|Lewis Carroll|İş Bankası Kültür Yayınları|2017|112
9789750525148|Tuhaflıklar Fabrikası|Roman|Eyüp Aygün Tayşir|İletişim Yayıncılık|2018|201
9786053326168|Gömülü Şamdan|Roman|Stefan Zweig|İş Bankası Kültür Yayınları|2015|120
9789750825927|Benim Adım Kırmızı|Roman|Orhan Pamuk|Yapı Kredi Yayınları|2013|552
9786053114680|Yanlış Giden Bir Şeyler Var|Roman|Mesud Topal|Destek Yayınları|2018|176
9786050904222|Engereğin Gözü|Roman|Zülfü Livaneli|Doğan Kitap|2011|168
9789944888035|Bir Delinin Anı Defteri - Hasan Ali Yücel Klasikleri|Roman|Nikolay Vasilyeviç Gogol|İş Bankası Kültür Yayınları|2010|223
9786051850481|Ben Bir Gürgen Dalıyım|Roman|Hasan Ali Toptaş|Everest Yayınları|2016|160
9786053142492|Kapıyı İçeriden Kilitledim|Roman|Özlem Narin Yılmaz|Ayrıntı Yayınları|2017|112
9786059144902|İnsan Neyle Yaşar?|Roman|Lev Nikolayeviç Tolstoy|İndigo Kitap|2017|88
9786053140177|Bir Gün Tek Başına|Roman|Vedat Türkali|Ayrıntı Yayınları|2015|752
9786054308835|Beyaz Zambaklar Ülkesinde|Roman|Grigory Petrov|Tutku Yayınevi|2000|156
9789944756938|Kabil|Roman|Jose Saramago|Kırmızı Kedi|2011|152
9789750725036|Düşüş|Roman|Albert Camus|Can Yayınları|2000|99
9789752731547|Kurt Kanunu|Roman|Kemal Tahir|İthaki Yayınları|1969|304
9786054228379|Shantaram|Roman|Gregory David Roberts|Artemis Yayınları|2009|863
9789750807015|Binboğalar Efsanesi|Roman|Yaşar Kemal|Yapı Kredi Yayınları|1971|290
9789752207844|Beyaz Zambaklar Ülkesinde|Roman|Grigority Petrov|Bilgi Yayınevi|2018|120
9789753424080|Sana Gül Bahçesi Vadetmedim|Roman|Joanne Greenberg|Metis Yayıncılık|2000|288
9789754948554|Romantika|Roman|Turgut Özakman|Bilgi Yayınevi|2000|163
9789750807039|İnce Memed 3|Roman|Yaşar Kemal|Yapı Kredi Yayınları|2006|640
9789753423472|Yüzüklerin Efendisi - Tek Cilt Özel Basım|Roman|J.R.R. Tolkien|Metis Yayıncılık|2001|1026
9789751418609|Beyaz Zambaklar Ülkesinde|Roman|Grigoriy Petrov|Remzi Kitabevi|2018|176
9789750807060|Bir Ada Hikayesi 1- Fırat Suyu Kan Akıyor Baksana|Roman|Yaşar Kemal|Yapı Kredi Yayınları|2007|328
9789750825910|Kar|Roman|Orhan Pamuk|Yapı Kredi Yayınları|2013|464
9789755708805|En Mavi Göz|Roman|Toni Morrison|Sel Yayıncılık|2017|224
9789750839528|Yüzbaşının Kızı|Roman|Aleksandr Sergeyeviç Puşkin|Yapı Kredi Yayınları|2017|128
9789755391014|Parfümün Dansı|Roman|Tom Robbins|Ayrıntı Yayınları|2000|432
9789754700060|Yaban|Roman|Yakup Kadri Karaosmanoğlu|İletişim Yayıncılık|2004|214
9789753900799|Şibumi|Roman|Trevanian|E Yayınları|1999|445
9789750738623|Büyük Atatürk'ten Küçük Öyküler|Roman|Süleyman Bulut|Can Yayınları|2018|624
9789750807251|Yer Demir Gök Bakır - Dağın Öteki Yüzü 2|Roman|Yaşar Kemal|Yapı Kredi Yayınları|2003|392
9786053322863|Yıldız Gezgini|Roman|Jack London|İş Bankası Kültür Yayınları|2014|344
9789750737992|Koku|Roman|Patrick Süskind|Can Yayınları|1997|260
9786052221419|Börü 2-Kurt İmparatorluğu|Roman|Çağlayan Yılmaz|Panama Yayıncılık|2018|416
9786051922546|ArtıkAranmayanlar Gezegeni|Roman|Sevinç Erbulak|Hep Kitap|2018|200
9789754344073|Açlık|Roman|Knut Hamsun|Varlık Yayınları|2016|160
9786055903275|Tepedeki Ev|Roman|Shirley Jackson|Siren Yayınları|2018|232
9789750730528|Hayvan Çiftliği - Mini Kitap|Roman|George Orwell|Can Yayınları|2016|288
9789759955748|Huzur|Roman|Ahmet Hamdi Tanpınar|Dergah Yayınları|1999|391
9789751026569|Acımak|Roman|Reşat Nuri Güntekin|İnkılap Kitabevi|2007|127
9786056842665|Otomatik Piyano|Roman|Kurt Vonnegut|April Yayıncılık|2018|376
9786051922652|Mantolu Kadın|Roman|Elçin Poyrazlar|Hep Kitap|2018|192
9786053114253|Sen Gittin Ya Ben Çok Güzelleştim|Roman|Nilgün Bodur|Destek Yayınları|2018|256
9786054188970|Fedailerin Kalesi Alamut|Roman|Vladimir Bartol|Koridor Yayıncılık|2012|510
9786053321392|Beyaz Geceler - Hasan Ali Yücel Klasikleri|Roman|Fyodor Mihayloviç Dostoyevski|İş Bankası Kültür Yayınları|2014|218
9789750702747|İvan İlyiçin Ölümü|Roman|Lev Nikolayeviç Tolstoy|Can Yayınları|2003|84
9786050917260|Daha|Roman|Hakan Günday|Doğan Kitap|2013|420
9789754059618|Nil' de Ölüm|Roman|Agatha Christie|Altın Kitaplar|2003|191
9789750826184|Tek Kanatlı Bir Kuş|Roman|Yaşar Kemal|Yapı Kredi Yayınları|2013|76
9786059854740|Karabibik|Roman|Nabizade Nazım|Mühür Kitaplığı|2017|46
9786053757412|Dünyalar Savaşı|Roman|H. G. Wells|İthaki Yayınları|2017|296
9789754370799|Osmancık|Roman|Tarık Buğra|Ötüken Neşriyat|2000|376
9786053758419|Deliliğin Dağlarında-Karanlık Kitaplık|Roman|Howard Phillips Lovecraft|İthaki Yayınları|2018|132
9786053324942|Karmaşık Duygular|Roman|Stefan Zweig|İş Bankası Kültür Yayınları|2015|264
9786052950364|Mutlu Prens|Roman|Oscar Wilde|İş Bankası Kültür Yayınları|2017|56
9786054188710|Aklından Bir Sayı Tut|Roman|John Verdon|Koridor Yayıncılık|2011|480
9789753633086|Kalanlar|Roman|Tezer Özlü|Yapı Kredi Yayınları|2000|52
9789750806995|İnce Memed 4|Roman|Yaşar Kemal|Yapı Kredi Yayınları|2006|648
9789752890244|Kumral Ada Mavi Tuna|Roman|Buket Uzuner|Everest Yayınları|1997|500
9789752447004|Kelebek Bahçesi|Roman|Dot Hutchison|Limos|2017|346
9786051730547|4N1K|Roman|Büşra Yılmaz|Epsilon Yayınevi|2015|488
9786053329008|Savaş ve Barış - 2 Kitap Takım|Roman|Lev Nikolayeviç Tolstoy|İş Bankası Kültür Yayınları|2016|1808
9786055162085|Cehennem Çiçeği|Roman|Alper Canıgüz|April Yayıncılık|2013|224
9789755390895|Zen ve Motosiklet Bakım Sanatı - Değerlerin Sorgulanması|Roman|Robert M. Pirsig|Ayrıntı Yayınları|1995|432
9789750813818|Bir Kış Gecesi Eğer Bir Yolcu|Roman|Italo Calvino|Yapı Kredi Yayınları|2008|252
9786053751342|Rüzgarın Adı - Kral Katili Güncesi 1. Gün|Roman|Patrick Rothfuss|İthaki Yayınları|2011|736
9789759914349|Leyleklerin Uçuşu|Roman|Jean-Christophe Grange|Doğan Kitap|2002|360
9786053756040|Ben Robot|Roman|Isaac Asimov|İthaki Yayınları|2016|248
9789750722127|Bir Deliler Evinin Yalan Yanlış Anlatılan Kısa Tarihi|Roman|Ayfer Tunç|Can Yayınları|2009|492
9786054764853|Filin Yolculuğu|Roman|Jose Saramago|Kırmızı Kedi|2013|200
9789750719356|Dönüşüm|Roman|Franz Kafka|Can Yayınları|2001|104
9786050955712|Kinyas ve Kayra-18.yıl Resimli Özel Baskısı|Roman|Hakan Günday|Doğan Kitap|2018|448
9786052955932|Şeytan'ın Günlüğü|Roman|Leonid Andreyev|İş Bankası Kültür Yayınları|2018|224
9789755393698|Gösteri Peygamberi|Roman|Chuck Palahniuk|Ayrıntı Yayınları|2002|320
9789754059625|Dersimiz Cinayet|Roman|Agatha Christie|Altın Kitaplar|2000|158
9789750826313|Cevdet Bey ve Oğulları|Roman|Orhan Pamuk|Yapı Kredi Yayınları|2013|644
9786053437451|Mucize|Roman|R. J. Palacio|Pegasus|2015|336
9789752731332|Devlet Ana|Roman|Kemal Tahir|İthaki Yayınları|2005|651
9786053321040|İlyada - Hasan Ali Yücel Klasikleri|Roman|Homeros|İş Bankası Kültür Yayınları|2014|712
9789750826139|Kara Kitap|Roman|Orhan Pamuk|Yapı Kredi Yayınları|2013|476
9789752897397|Kavim|Roman|Ahmet Ümit|Everest Yayınları|2010|400
9789750807473|Sarı Sıcak|Roman|Yaşar Kemal|Yapı Kredi Yayınları|2003|242
9789750730146|Kolera Günlerinde Aşk|Roman|Gabriel Garcia Marquez|Can Yayınları|1997|448
9789750804465|Yaşamak Güzel Şey Be Kardeşim|Roman|Nazım Hikmet|Yapı Kredi Yayınları|2002|178
9789750502637|Bizim Büyük Çaresizliğimiz|Roman|Barış Bıçakçı|İletişim Yayıncılık|2004|167
9786051715094|Evrenin Sonundaki Restoran|Roman|Douglas Adams|Alfa Yayıncılık|2017|264
9786053758426|Cthulhu’nun Çağrısı--Karanlık Kitaplık|Roman|Howard Phillips Lovecraft|İthaki Yayınları|2018|160
9786053758280|Toz Gibi Yıldızlar-Galaktik İmparatorluk Serisi 1|Roman|Isaac Asimov|İthaki Yayınları|2018|272
9789750733437|Dünün Dünyası|Roman|Stefan Zweig|Can Yayınları|2000|496
9789753639101|Swann' ların Tarafı - Kayıp Zamanın İzinde 1. Kitap|Roman|Marcel Proust|Yapı Kredi Yayınları|2006|444
9789755331010|Her Yerden Çok Uzakta|Roman|Ursula K. Le Guin|İmge Kitabevi|2016|94
9786059232463|Kayıp Kızlar Adası|Roman|Jennifer McMahon|Ephesus Yayınları|2016|400
9789750736988|Ana|Roman|Maksim Gorki|Can Yayınları|2018|432
9786050955132|Gölgeler-Yeni Versiyon|Roman|Zülfü Livaneli|Doğan Kitap|2018|112
9789750525117|Metal Hayatlar|Roman|Berna Durmaz|İletişim Yayıncılık|2018|91
9789750826702|Sessiz Ev|Roman|Orhan Pamuk|Yapı Kredi Yayınları|2014|304
9786051718194|Hakkari'de Bir Mevsim|Roman|Ferit Edgü|Alfa Yayıncılık|2018|250
9789754370430|Beyaz Gemi|Roman|Cengiz Aytmatov|Ötüken Neşriyat|1995|168
9786053604099|Anna Karenina - Hasan Ali Yücel Klasikleri|Roman|Lev Nikolayeviç Tolstoy|İş Bankası Kültür Yayınları|2011|1062
9789752897458|İstanbul Hatırası|Roman|Ahmet Ümit|Everest Yayınları|2010|690
9786059232913|Neptün Cinayetleri|Roman|Jennifer McMahon|Ephesus Yayınları|2017|448
9786053110842|Ela Gözlü Pars Celile|Roman|Osman Balcıgil|Destek Yayınları|2016|416
9789750804199|Gecenin Sonuna Yolculuk|Roman|Louis Ferdinand Celine|Yapı Kredi Yayınları|2002|574
9786052871805|Distopyanın 60 Tonu|Roman|Çağatay Şenkay|Sokak Kitapları Yayınları|2018|80
9789750807459|Üç Anadolu Efsanesi|Roman|Yaşar Kemal|Yapı Kredi Yayınları|2004|222
9789750823343|Uzak Tepeler|Roman|Kazuo Ishiguro|Yapı Kredi Yayınları|2012|164
9789754701586|Korkuyu Beklerken - Bütün Eserleri 4|Roman|Oğuz Atay|İletişim Yayıncılık|2004|202
9789752120075|Kuşku Mevsimi ve Esaretin Bedeli|Roman|Stephen King|Altın Kitaplar|2015|424
9789753901505|Kelebek|Roman|Henri Charriere|E Yayınları|1988|565
9789750506307|Gizliajans|Roman|Alper Canıgüz|İletişim Yayıncılık|2008|204
9786051110103|Zemberekkuşu'nun Güncesi|Roman|Haruki Murakami|Doğan Kitap|2005|744
9786052954140|Usta ile Margarita|Roman|Mihayl Afanasyeviç Bulgakov|İş Bankası Kültür Yayınları|2018|520
9786052389676|Bedenlerin Göçü|Roman|Yuri Herrera|Notos|2018|110
9786053111931|Masalcı|Roman|Erhan Altunay|Destek Yayınları|2016|392
9789750507144|Korkma Ben Varım|Roman|Murat Menteş|İletişim Yayıncılık|2009|424
9789750517167|İstanbul İstanbul|Roman|Burhan Sönmez|İletişim Yayıncılık|2015|228
9789750803291|Yakalanan Zaman - Kayıp Zamanın İzinde|Roman|Marcel Proust|Yapı Kredi Yayınları|2002|360
9789750811876|Beni Asla Bırakma|Roman|Kazuo Ishiguro|Yapı Kredi Yayınları|2007|272
9786053758082|Uzaktan Kumandalı Kız|Roman|James Tiptree Jr|İthaki Yayınları|2018|72
9786051852805|Pi-3.Kitap|Roman|Akilah Azra Kohen|Everest Yayınları|2018|672
9786051850047|Bin Hüzünlü Haz|Roman|Hasan Ali Toptaş|Everest Yayınları|2016|152
9786053603511|Genç Werther'in Acıları - Hasan Ali Yücel Klasikleri|Roman|Johann Wolfgang Von Goethe|İş Bankası Kültür Yayınları|2011|126
9786054927821|Kirpinin Zarafeti|Roman|Muriel Barbery|Kırmızı Kedi|2014|304
9786053321057|Odysseia - Hasan Ali Yücel Klasikleri|Roman|Homeros|İş Bankası Kültür Yayınları|2014|504
9786055147945|Bülbülün Kırk Şarkısı|Roman|İskender Pala|Kapı Yayınları|2015|590
9786059585866|Birimiz Yalan Söylüyor|Roman|Karen M. McManus|Yabancı|2017|352
9786054688784|Size Bir Sır Vereceğim 2-Rüya Avcısı|Roman|Mustafa Kaya|Fenomen Kitaplar|2018|184
9786053114772|Süt Lekesi|Roman|Esra Ezmeci|Destek Yayınları|2018|264
9786052956311|Patlayan Kuyrukluyıldızlar-Ekspresyonist Öyküler|Roman|Kolektif|İş Bankası Kültür Yayınları|2018|96
9789750737510|Anna Karenina-2 Cilt Kutulu|Roman|Lev Nikolayeviç Tolstoy|Can Yayınları|2018|1120
9789750722257|Dava|Roman|Franz Kafka|Can Yayınları|1999|248
9789753631570|Afrikalı Leo|Roman|Amin Maalouf|Yapı Kredi Yayınları|2002|344
9789755393735|Büyücü|Roman|John Fowles|Ayrıntı Yayınları|2006|672
9789750505386|Suskunlar|Roman|İhsan Oktay Anar|İletişim Yayıncılık|2007|269
9789752730953|Esir Şehrin Mahpusu|Roman|Kemal Tahir|İthaki Yayınları|2005|378
9786059232005|Seninim|Roman|Maureen Smith|Ephesus Yayınları|2012|400
9786051733302|4N1K-2|Roman|Büşra Yılmaz|Epsilon Yayınevi|2017|400
9786050954692|Süreya Kuaför Salonu|Roman|Şebnem Burcuoğlu|DEX|2018|333
9789752730762|Esir Şehrin İnsanları|Roman|Kemal Tahir|İthaki Yayınları|2005|463
9789752731295|Yol Ayrımı|Roman|Kemal Tahir|İthaki Yayınları|2005|493
9786054764082|Ölü Erkek Kuşlar|Roman|İnci Aral|Kırmızı Kedi|2013|400
9786056840548|Acil Gerçekdışılıkta Maceralar|Roman|Max Blecher|Jaguar Kitap|2018|152
9789752498358|Labirent|Roman|Kadir Çevik|Yeni İnsan Yayınevi|2018|174
9789752103160|Üç Yanlış Üç Ceset|Roman|Agatha Christie|Altın Kitaplar|2003|191
9789753427449|Çevengur|Roman|Andrey Platonov|Metis Yayıncılık|2010|416
9789750403910|Kaplumbağalar|Roman|Fakir Baykurt|Literatür Yayıncılık|2006|368
9789751029393|Memleket Hikayeleri (Özel Baskı)|Roman|Refik Halid Karay|İnkılap Kitabevi|2010|276
9789752897359|Ninatta'nın Bileziği|Roman|Ahmet Ümit|Everest Yayınları|2010|104
9786059441933|Böğürtlen Kışı|Roman|Sarah Jio|Pena Yayınları|2018|312
9786052361641|Korku|Roman|Stefan Zweig|İndigo Kitap|2018|96
9786050827835|Hünkarım-Bir Tahsin Paşa Romanı|Roman|Bahadır Yenişehirlioğlu|Timaş Yayınları|2018|304
9786053141952|Beyaz Zambaklar Ülkesi|Roman|Grigory Petrov|Ayrıntı Yayınları|2017|208
9786052070697|Kuruluş Osman|Roman|Ufuk Tufan|Yeditepe Yayınevi|2018|240
9786059666268|Kemikler|Roman|Jan Burke|Limos|2016|509
9786052241240|Karanlık Oda|Roman|Osman Balcıgil|Karakarga|2018|120
9786052177433|Ufak Yangınlar|Roman|Celeste Ng|Yabancı|2018|328
9786050955774|Aşk Hikayesiyle Gelir|Roman|Kemal Hamamcıoğlu|Doğan Kitap|2018|308
9786055903671|Yeraltı Demiryolu|Roman|Colson Whitehead|Siren Yayınları|2017|334
9789754370539|Gün Olur Asra Bedel|Roman|Cengiz Aytmatov|Ötüken Neşriyat|1995|413
9786053608929|Kreutzer Sonat - Hasan Ali Yücel Klasikleri|Roman|Lev Nikolayeviç Tolstoy|İş Bankası Kültür Yayınları|2013|144
9786051721514|Suç ve Ceza|Roman|Fyodor Mihayloviç Dostoyevski|Yordam Edebiyat|2016|688
9786052940990|Kaçak ve Sahaf Mendel|Roman|Stefan Zweig|Mavi Çatı Yayınları|2017|56
9786052361597|Sınırsız|Roman|Beyza Alkoç|İndigo Kitap|2018|320
9786053143291|Uydurma Bir Şeyler|Roman|Chuck Palahniuk|Ayrıntı Yayınları|2018|352
9786052064672|Kore'deki Çatı Katımdan Sesleniyorum 2|Roman|Didem Duygu Demir|Ephesus Yayınları|2018|320
9786055903633|Yolda|Roman|Jack Kerouac|Siren Yayınları|2016|360
9786050926316|Konstantiniyye Oteli|Roman|Zülfü Livaneli|Doğan Kitap|2015|480
9786053604419|Budala - Hasan Ali Yücel Klasikleri|Roman|Fyodor Mihayloviç Dostoyevski|İş Bankası Kültür Yayınları|2012|784
9789752118973|Göbekli Tepe Muhafızı|Roman|Yonca Eldener|Altın Kitaplar|2014|352
9789755104096|Bir İdam Mahkumunun Son Günü|Roman|Victor Hugo|Can Yayınları|2011|132
9789754081657|Kendini Arayan Adam|Roman|Halit Ertuğrul|Nesil Yayınları|2005|96
9789753421812|Yüzüklerin Efendisi - II - İki Kule|Roman|J.R.R. Tolkien|Metis Yayıncılık|2014|416
9786054322848|Od|Roman|İskender Pala|Kapı Yayınları|2012|361
9789750836084|Düğmeler ve Başka Şeyler|Roman|Fatma Akerson|Yapı Kredi Yayınları|2016|104
9789752448636|Bir Kere Daha Son|Roman|Mustafa Ulusoy|Kapı Yayınları|2018|320
9786050827736|Unutmanın Genel Teorisi|Roman|Jose Eduardo Agualusa|Timaş Yayınları|2018|272
9789753551663|Gül Yetiştiren Adam|Roman|Rasim Özdenören|İz Yayıncılık|2007|144
9786053329817|Seksen Günde Dünya Gezisi|Roman|Jules Verne|İş Bankası Kültür Yayınları|2017|272
9789750501227|Yenişehir'de Bir Öğle Vakti|Roman|Sevgi Soysal|İletişim Yayıncılık|2007|272
9786051718125|Ruhun Uzun Karanlık Çay Saati|Roman|Douglas Adams|Alfa Yayıncılık|2018|316
9786053758600|Mezarlarınıza Tüküreceğim|Roman|Boris Vian|İthaki Yayınları|2018|136
9789752117235|Doktor Uyku|Roman|Stephen King|Altın Kitaplar|2013|544
9789750826481|Yeni Hayat|Roman|Orhan Pamuk|Yapı Kredi Yayınları|2013|247
9789752890299|Uzun Beyaz Bulut Gelibolu|Roman|Buket Uzuner|Everest Yayınları|2001|323
9786053325482|Ekmeğimi Kazanırken|Roman|Maksim Gorki|İş Bankası Kültür Yayınları|2015|440
9786059724456|Sana Yolculuk|Roman|Cemal Battal|Postiga|2016|264
9789755707044|Körleşme|Roman|Elias Canetti|Sel Yayıncılık|2014|565
9786051067261|Karaköy'de Günbatımı|Roman|Baki Can Ediboğlu|Alfa Yayıncılık|2013|207
9786051850429|Ölü Zaman Gezginleri|Roman|Hasan Ali Toptaş|Everest Yayınları|2016|140
9786058276604|İkinci Hayatın Tek Bir Hayatın Olduğunu Anladığında Başlar|Roman|Raphaelle Giordano|Yan Pasaj|2017|237
9786053758259|Bir Mars Destanı|Roman|Stanley G. Weinbaum|İthaki Yayınları|2018|232
9786052969663|Son Sayfaya Kadar Gerilim|Roman|Çağdaş Can|Cinius|2018|83
9789751038821|Ceviz Ağacı|Roman|Solmaz Kâmuran|İnkılap Kitabevi|2018|256
9789750738272|Yeraltından Notlar-Fotoğraflı Klasik|Roman|Fyodor Mihayloviç Dostoyevski|Can Yayınları|2018|160
9786051553900|Cemile|Roman|Cengiz Aytmatov|Ötüken Neşriyat|2016|80
9786050905434|Arafat'ta Bir Çocuk|Roman|Zülfü Livaneli|Doğan Kitap|2012|156
9789755709369|Atlas'ın Yükü|Roman|Jeanette Winterson|Sel Yayıncılık|2018|134
9789752444577|Börü-Yeniden Diriliş ve İntikamın Kitabı|Roman|Çağlayan Yılmaz|Panama Yayıncılık|2017|408
9786053756477|Gölün Dibindeki Ev|Roman|Josh Malerman|İthaki Yayınları|2017|184
9786050937077|Yarasa|Roman|Jo Nesbo|Doğan Kitap|2016|392
9786053756781|Görünmez Adam|Roman|H. G. Wells|İthaki Yayınları|2013|232
9786055340308|Kendine Ait Bir Oda|Roman|Virginia Woolf|Kırmızı Kedi|2012|128
9789752121775|Mahşer|Roman|Stephen King|Altın Kitaplar|2016|1080
9786055903749|Bir Kutup Ayısının Anıları|Roman|Yoko Tawada|Siren Yayınları|2018|224
9786052164372|Guguk Kuşu|Roman|Ken Kesey|Nemesis Kitap|2018|400
9786052398944|İtiraflarım|Roman|Lev Nikolayeviç Tolstoy|Ren Kitap|2018|128
9786056840531|Kanını Satan Adam|Roman|Yu Hua|Jaguar Kitap|2018|264
9789750842252|Harry Potter: Sihir Tarihi|Roman|Kolektif|Yapı Kredi Yayınları|2018|256
9786052955826|Felâtun Bey ile Rakım Efendi (Günümüz Türkçesiyle)|Roman|Ahmed Midhat Efendi|İş Bankası Kültür Yayınları|2018|180
9786055903718|Naif. Süper|Roman|Erlend Loe|Siren Yayınları|2018|0
9789750511295|Sevgili Arsız Ölüm|Roman|Latife Tekin|İletişim Yayıncılık|2013|240
9786053751991|Biz|Roman|Yevgeniy İvanoviç Zamyatin|İthaki Yayınları|2012|256
9786053320104|Notre Dame'ın Kamburu - Hasan Ali Yücel Klasikleri|Roman|Victor Hugo|İş Bankası Kültür Yayınları|2014|572
9789750706622|Malte Laurids Brigge'nin Notları|Roman|Rainer Maria Rilke|Can Yayınları|2006|170
9789754706482|Efrasiyab'ın Hikayeleri|Roman|İhsan Oktay Anar|İletişim Yayıncılık|1998|245
9789752104549|Calla'nın Kurtları - Kara Kule Serisi 5.Kitap|Roman|Stephen King|Altın Kitaplar|2004|760
9789754053173|Ruhlar Dükkanı|Roman|Stephen King|Altın Kitaplar|2007|524
9789754707823|Drina Köprüsü|Roman|Ivo Andriç|İletişim Yayıncılık|2014|354
9789754059823|Beklenmeyen Misafir|Roman|Agatha Christie|Altın Kitaplar|1999|170
9789752105799|Kule-Kara Kule Serisi 7.Kitap|Roman|Stephen King|Altın Kitaplar|2005|880
9786053757337|Yenilmez|Roman|Stanislaw Lem|İthaki Yayınları|2017|240
9786059666473|Yolcu|Roman|Lisa Lutz|Limos|2017|357
9786053758464|İskandinav Mitolojisi|Roman|Neil Gaiman|İthaki Yayınları|2018|312
9789755105949|Aşk ve Öbür Cinler|Roman|Gabriel Garcia Marquez|Can Yayınları|1997|168
9789754058246|Işıklar Sönünce|Roman|Agatha Christie|Altın Kitaplar|1998|173
9789753635257|Çiçek Açmış Genç Kızların Gölgesinde - Kayıp Zamanın İzinde (ikinci kitap)|Roman|Marcel Proust|Yapı Kredi Yayınları|1996|468
9789752113244|Kubbe'nin Altında|Roman|Stephen King|Altın Kitaplar|2011|1024
9789752110281|Ölüm Sessiz Geldi|Roman|Agatha Christie|Altın Kitaplar|2008|256
9786051850924|Elveda Güzel Vatanım-Midi Boy|Roman|Ahmet Ümit|Everest Yayınları|2017|712
9789752486157|Eylül|Roman|Mehmet Rauf|Kırmızı Çatı|2017|272
9786053042815|Sıradaki Teşekkürüm Bana Yanlış Yapanlara|Roman|Nilgün Bodur|Artemis Yayınları|2017|236
9786051417332|Ölmeye Yatmak - Dar Zamanlar 1|Roman|Adalet Ağaoğlu|Everest Yayınları|2014|400
9786050954647|Peygamberin Endişesi|Roman|Yavuz Ekinci|Doğan Kitap|2018|192
9786050905090|Pedro Paramo|Roman|Juan Rulfo|Doğan Kitap|2012|132
9789755337494|Köylü İsyanı|Roman|Honore de Balzac|İmge Kitabevi|2013|303
9789753639156|Niteliksiz Adam 1|Roman|Robert Musil|Yapı Kredi Yayınları|2000|552
9789753639859|Mahpus - Kayıp Zamanın İzinde 5. kitap|Roman|Marcel Proust|Yapı Kredi Yayınları|2001|416
9786051416830|Beyoğlu'nun En Güzel Abisi|Roman|Ahmet Ümit|Everest Yayınları|2013|418
9789750517303|Dublinliler|Roman|James Joyce|İletişim Yayıncılık|2015|276
9789752890435|Adı: Aylin|Roman|Ayşe Kulin|Everest Yayınları|1997|398
9786051715100|Hayat, Evren ve Her Şey|Roman|Douglas Adams|Alfa Yayıncılık|2017|248
9786051851426|Garp Cephesinde Yeni Bir Şey Yok|Roman|Erich Maria Remarque|Everest Yayınları|2017|225
9786051867717|Ateşin Şarkısı|Roman|Tess Gerritsen|Martı Yayınları|2018|304
9786053114802|İnsanı İnsan Acıtır|Roman|Yelda Kırçuval|Destek Yayınları|2018|184
9786052983980|Heykelden Taşa ve Nobel Konuşması|Roman|Jose Saramago|Kırmızı Kedi|2018|128
9786053757993|Düşmüş Melekler|Roman|Richard K. Morgan|İthaki Yayınları|2018|480
9786055162825|Kan ve Gül|Roman|Alper Canıgüz|April Yayıncılık|2017|216
9786059691703|Dürüst Aptal Efsanesi ''Verlaıne''|Roman|Stefan Zweig|Zeplin Kitap|2017|80
9789944889209|Öteki - Hasan Ali Yücel Klasikleri|Roman|Fyodor Mihayloviç Dostoyevski|İş Bankası Kültür Yayınları|2010|188
9789755108216|Küçük Şeylerin Tanrısı|Roman|Arundhati Roy|Can Yayınları|1998|362
9789753427753|Can|Roman|Andrey Platonov|Metis Yayıncılık|2010|152
9786050807073|Nar Ağacı|Roman|Nazan Bekiroğlu|Timaş Yayınları|2012|536
9786055819002|İklimler|Roman|Andre Maurois|Helikopter|2008|208
9789750724220|Suzan Defter|Roman|Ayfer Tunç|Can Yayınları|2011|128
9786055162054|Ruhi Mücerret|Roman|Murat Menteş|April Yayıncılık|2013|320
9789750719981|Simyacı 25. Yıl Özel Baskı|Roman|Paulo Coelho|Can Yayınları|2014|166
9789750830884|Kafamda Bir Tuhaflık|Roman|Orhan Pamuk|Yapı Kredi Yayınları|2014|480
9789754054217|Göz|Roman|Stephen King|Altın Kitaplar|2003|223
9786053758389|Nantucketlı Arthur Gordon Pym'in Öyküsü|Roman|Edgar Allan Poe|İthaki Yayınları|2018|192
9786059670838|Öbürküler|Roman|Mahir Ünsal Eriş|Karakarga|2017|136
9789752122642|Korku Ağı|Roman|Stephen King|Altın Kitaplar|2017|592
9786053755982|Faust|Roman|Johann Wolfgang Von Goethe|İthaki Yayınları|2016|584
9786052064894|Kutup Yıldızı 2|Roman|Mehtap Fırat|Ephesus Yayınları|2018|432
9786053758235|Gizli Özne|Roman|Nihan Kaya|İthaki Yayınları|2018|272
9789755705460|İntihar Dükkanı|Roman|Jean Teule|Sel Yayıncılık|2011|144
9789944885454|Babalar ve Oğullar - Hasan Ali Yücel Klasikleri|Roman|Ivan Sergeyeviç Turgenyev|İş Bankası Kültür Yayınları|2009|1
9786051416779|Ve Dağlar Yankılandı|Roman|Khaled Hosseini|Everest Yayınları|2013|424
9786053111795|Yeşil Mürekkep|Roman|Osman Balcıgil|Destek Yayınları|2016|408
9786051920849|Unutma Beni Apartmanı|Roman|Nermin Yıldırım|Hep Kitap|2017|424
9786052064900|Kutup Yıldızı 2|Roman|Mehtap Fırat|Ephesus Yayınları|2018|432
9786051710648|Titanlı Oyuncular|Roman|Philip K. Dick|Alfa Yayıncılık|2018|280
9786052241622|Ses ve Sus|Roman|Adnan Gerger|Karakarga|2018|232
9789752123281|Başlangıç|Roman|Dan Brown|Altın Kitaplar|2017|536
9789755101415|Uçurtmayı Vurmasınlar|Roman|Feride Çiçekoğlu|Can Yayınları|2009|109
9789753625579|Yusuf ile Züleyha|Roman|Nazan Bekiroğlu|Timaş Yayınları|2007|224
9789753428958|Yerdeniz (6 Kitap - Tek Cilt)|Roman|Ursula K. Le Guin|Metis Yayıncılık|2012|946
9789754588323|Madame Bovary - Hasan Ali Yücel Klasikleri|Roman|Gustave Flaubert|İş Bankası Kültür Yayınları|2006|295
9789754584882|Mozart ve Deyyuslar|Roman|Anthony Burgess|İş Bankası Kültür Yayınları|2003|176
9786053320883|Deniz Kurdu|Roman|Jack London|İş Bankası Kültür Yayınları|2014|376
9789750730559|Yüreğinin Götürdüğü Yere Git - Mini Kitap|Roman|Susanna Tamaro|Can Yayınları|2016|288
9786053754756|Bayan Peregrine'nin Tuhaf Çocukları|Roman|Ransom Riggs|İthaki Yayınları|2015|320
9786053758310|Yüce Tanrı Pan|Roman|Arthur Machen|İthaki Yayınları|2018|80
9786052941836|Hayatın Mucizeleri|Roman|Stefan Zweig|Mavi Çatı Yayınları|2018|87
9786053758594|İhtiyarlara Yer Yok|Roman|Cormac McCarthy|İthaki Yayınları|2018|248
9786053112952|İpek Sabahlık-Bir Suat Derviş Romanı|Roman|Osman Balcıgil|Destek Yayınları|2017|432
9786053042952|Bütün İyiler Biraz Küskündür|Roman|Nilay Örnek|Artemis Yayınları|2017|268
9786051851631|Bir Ses Böler Geceyi & Çıplak Ayaklıydı Gece-Midi Boy|Roman|Ahmet Ümit|Everest Yayınları|2017|0
9786053758112|Uğursuz Bir Şey Geliyor Bu Yana|Roman|Ray Bradbury|İthaki Yayınları|2018|280
9786054322374|Şah ve Sultan|Roman|İskender Pala|Kapı Yayınları|2010|390
9786053757207|Dune Tanrı İmparatoru|Roman|Frank Herbert|İthaki Yayınları|2017|512
9786053140283|Palto|Roman|Nikolay Vasilyeviç Gogol|Ayrıntı Yayınları|2015|96
9786051734880|Çürük Vişne 2-Veryansın|Roman|Emine Tavuz|Epsilon Yayınevi|2018|440
9786055290405|Yitik|Roman|Ali Murat İrat|Yurt Kitap Yayın|2018|200
9789759955694|Beş Şehir|Roman|Ahmet Hamdi Tanpınar|Dergah Yayınları|2001|207
9789754370232|Fatih-Harbiye|Roman|Peyami Safa|Ötüken Neşriyat|1995|138
9789759917975|Azil|Roman|Hakan Günday|Doğan Kitap|2007|216
9786053753902|Marslı|Roman|Andy Weir|İthaki Yayınları|2014|416
9786053754718|Kafes|Roman|Josh Malerman|İthaki Yayınları|2015|336
9789754051377|Ve Perde İndi|Roman|Agatha Christie|Altın Kitaplar|2005|176
9789750404030|Eşekli Kütüphaneci|Roman|Fakir Baykurt|Literatür Yayıncılık|2008|148
9789750726224|İyi Kalpli Erendira|Roman|Gabriel Garcia Marquez|Can Yayınları|2016|148
9786054729708|Eş|Roman|Jenny Offill|Domingo Yayınevi|2016|188
9789752122284|Dan Brown Seti - 4 Kitap Takım|Roman|Dan Brown|Altın Kitaplar|2016|2175
9786051852799|Fi-1.Kitap|Roman|Akilah Azra Kohen|Everest Yayınları|2018|584
9786053114703|Esir Bir Şehirde Bir Kadın|Roman|Çağla Ural|Destek Yayınları|2018|496
9786052064818|Bal|Roman|Emre Gül|Ephesus Yayınları|2018|368
9789750726491|Boğulmamak İçin|Roman|George Orwell|Can Yayınları|2015|256
9789755707648|Bitmeyen Kavga|Roman|John Steinbeck|Sel Yayıncılık|2016|316
9789754378009|Bozkurtlar|Roman|Hüseyin Nihal Atsız|Ötüken Neşriyat|2011|626
9789753420716|Atuan Mezarları - Yerdeniz Üçlemesi 2|Roman|Ursula K. Le Guin|Metis Yayıncılık|2012|152
9789750809941|Tanios Kayası|Roman|Amin Maalouf|Yapı Kredi Yayınları|1995|260
9786058667914|Kara Kedi|Roman|Edgar Allan Poe|Kolektif Kitap|2012|116
9789758441068|Toza Sor|Roman|John Fante|Parantez Gazetecilik ve Yayıncılık|2000|160
9789753422024|Yüzüklerin Efendisi - III - Kralın Dönüşü|Roman|J.R.R. Tolkien|Metis Yayıncılık|2015|408
9789754941883|Aganta Burına Burınata|Roman|Halikarnas Balıkçısı|Bilgi Yayınevi|1995|192
9789750807077|Bir Ada Hikayesi 2 - Karıncanın Su İçtiği|Roman|Yaşar Kemal|Yapı Kredi Yayınları|2003|520
9786055011727|Yüreğime Dokunan Eller|Roman|Alişan Kapaklıkaya|Yediveren Yayınları|2014|312
9789750738395|Zamanımızın Bir Kahramanı-Fotoğraflı Klasik|Roman|Mihail Lermontov|Can Yayınları|2018|192
9789754053241|Ölüm Diken Üstünde|Roman|Agatha Christie|Altın Kitaplar|1992|173
9786053140191|Mavi Karanlık|Roman|Vedat Türkali|Ayrıntı Yayınları|2015|448
9786053755494|Yıkıma Giden Adam|Roman|Alfred Bester|İthaki Yayınları|2016|264
9789754050134|Sadist|Roman|Stephen King|Altın Kitaplar|2003|344
9789756006238|Empati|Roman|Adam Fawer|April Yayıncılık|2008|690
9789750718052|Yeşil Peri Gecesi|Roman|Ayfer Tunç|Can Yayınları|2010|472
9789750730108|Mutlu Ölüm|Roman|Albert Camus|Can Yayınları|2000|166
9786058188662|Kuş Evi|Roman|Eva Meijer|Nebula|2018|248
9786053758716|Gücenmedim Dersem Yalan Olur|Roman|Başak Buğday|İthaki Yayınları|2018|280
9786052361818|Asansör|Roman|Beyza Alkoç|İndigo Kitap|2018|384
9789755394251|Görünmez Canavarlar|Roman|Chuck Palahniuk|Ayrıntı Yayınları|2004|203
9789750831751|Gömülü Dev|Roman|Kazuo Ishiguro|Yapı Kredi Yayınları|2015|280
9789750713163|Yeraltından Notlar|Roman|Fyodor Mihayloviç Dostoyevski|Can Yayınları|2011|160
9786053324744|Sefiller - 2 Cilt Takım|Roman|Victor Hugo|İş Bankası Kültür Yayınları|2015|1724
9786053327127|Ay'a Yolculuk|Roman|Jules Verne|İş Bankası Kültür Yayınları|2016|224
9789759914332|Siyah Kan|Roman|Jean-Christophe Grange|Doğan Kitap|2005|458
9789750521393|Kıymetli Şeylerin Tanzimi|Roman|Sezen Ünlüönen|İletişim Yayıncılık|2017|248
9786053756231|Kaplan! Kaplan!|Roman|Alfred Bester|İthaki Yayınları|2017|304
9789750723353|Demian|Roman|Hermann Hesse|Can Yayınları|2003|211
9789750501982|Küçük Ağa|Roman|Tarık Buğra|İletişim Yayıncılık|2003|479
9789754056075|Çılgınlığın Ötesi|Roman|Stephen King|Altın Kitaplar|2004|464
9789751039262|Zamansız Hikayeler-Neşeli Haberlerden Hüzünlü Gerçeklere|Roman|Erhan Karadağ|İnkılap Kitabevi|2018|160
9789755709529|Kör Dövüşü|Roman|Ayşen Işık|Sel Yayıncılık|2018|94
9786053758440|Yürek Burgusu-Karanlık Kitaplar|Roman|Henry James|İthaki Yayınları|2018|144
9786053113157|Büyük İhanet|Roman|Mete Yarar|Destek Yayınları|2017|224
9789750723537|Handan|Roman|Halide Edib Adıvar|Can Yayınları|2007|224
9786053757245|Resimli Adam|Roman|Ray Bradbury|İthaki Yayınları|2017|240
9789752897441|Şeytan Ayrıntıda Gizlidir|Roman|Ahmet Ümit|Everest Yayınları|2010|200
9789750826306|Beyaz Kale|Roman|Orhan Pamuk|Yapı Kredi Yayınları|2013|152
9789753421539|Bir Günlük Yerim Kaldı İster misiniz?|Roman|Engin Geçtan|Metis Yayıncılık|2016|128
9789753637480|Sodom ve Gomorra - Kayıp Zamanın İzinde 4. Kitap|Roman|Marcel Proust|Yapı Kredi Yayınları|2005|552
9789754053920|Tepki|Roman|Stephen King|Altın Kitaplar|1999|399
9789944122054|Aydınlık|Roman|Henri Barbusse|Yordam Kitap|2007|0
9786055107307|Giderken Bana Bir Şeyler Söyle|Roman|Mustafa Ulusoy|Kapı Yayınları|2014|280
9786051722450|Durgun Don-4 Cilt Takım|Roman|Mihail Şolohov|Yordam Edebiyat|2018|1696
9789752895034|Eskici ve Oğulları|Roman|Orhan Kemal|Everest Yayınları|2008|378
9786053756736|Su Adamı|Roman|Aleksandr Belyaev|İthaki Yayınları|2017|240
9786050943214|Karanlıktan Sonra|Roman|Haruki Murakami|Doğan Kitap|2017|180
9786054629862|Algernon'a Çiçekler|Roman|Daniel Keyes|Koridor Yayıncılık|2015|325
9786051418421|Dar Zamanlar-3 Kitap Takım|Roman|Adalet Ağaoğlu|Everest Yayınları|2018|1000
9786052361832|3391 Kilometre|Roman|Beyza Alkoç|İndigo Kitap|2018|472
9789944887717|Stepançikovo Köyü - Hasan Ali Yücel Klasikleri|Roman|Fyodor Mihayloviç Dostoyevski|İş Bankası Kültür Yayınları|2010|290
9789750807206|Bir Ada Hikayesi 3 - Tanyeri Horozları|Roman|Yaşar Kemal|Yapı Kredi Yayınları|2003|450
9786053483250|Kitap Hırsızı|Roman|Markus Zusak|Martı Yayınları|2012|574
9786051425528|Cinder - Bir Ay Günlüğü Kitabı|Roman|Marissa Meyer|Artemis Yayınları|2014|312
9786050935721|Sputnik Sevgilim|Roman|Haruki Murakami|Doğan Kitap|2016|224
9786050953312|Çocuklara ve Büyüklere Masallar|Roman|Üstün Dökmen|Doğan Kitap|2018|132
9789754587159|Gargantua - Hasan Ali Yücel Klasikleri|Roman|François Rabelais|İş Bankası Kültür Yayınları|2006|254
9786056802867|Beyaz Diş|Roman|Jack London|İstek|2018|208
9786051883519|Sergüzeşt|Roman|Samipaşazade Sezai|Beyaz Balina Yayınları|2018|136
9786059850766|Beyaz Zambaklar Ülkesinde|Roman|Grigory Petrov|Truva Yayınları|2018|136
9786053758303|Dracula-Karanlık Kitaplık|Roman|Bram Stoker|İthaki Yayınları|2018|432
9789753420549|Factotum|Roman|Charles Bukowski|Metis Yayıncılık|2008|160
9789755391991|Divan|Roman|Irvin D. Yalom|Ayrıntı Yayınları|2008|448
9789750501005|Yürümek/Sevgi Soysal Bütün Eserleri|Roman|Sevgi Soysal|İletişim Yayıncılık|2004|152
9789752119185|Christine|Roman|Stephen King|Altın Kitaplar|2000|432
9789750823596|Bir Ada Hikayesi 4 - Çıplak Deniz Çıplak Ada|Roman|Yaşar Kemal|Yapı Kredi Yayınları|2012|272
9786053327325|Frankenstein ya da Modern Prometheus|Roman|Mary Shelley|İş Bankası Kültür Yayınları|2016|272
9786053756026|Dune Çocukları|Roman|Frank Herbert|İthaki Yayınları|2016|552
9789750803611|Boncuk Oyunu|Roman|Hermann Hesse|Yapı Kredi Yayınları|2012|560
9786050951486|Macbeth-Shakespeare Yeniden|Roman|Jo Nesbo|Doğan Kitap|2018|572
9789752897373|Sis ve Gece|Roman|Ahmet Ümit|Everest Yayınları|2011|270
9786051410135|Sultanı Öldürmek|Roman|Ahmet Ümit|Everest Yayınları|2012|528
9786051716756|Yetenekliler Dünyası-Toplu Öyküler 3.Cilt|Roman|Philip K. Dick|Alfa Yayıncılık|2018|592
9789753429160|Artemisia|Roman|Anna Banti|Metis Yayıncılık|2014|256
9789751415561|Ah Bre Sevda Ah Bre Vatan|Roman|Demet Altınyeleklioğlu|Remzi Kitabevi|2013|688
9786055904685|Eve Dönmenin Yolları|Roman|Alejandro Zambra|Notos|2013|146
9789750721663|Sinekli Bakkal|Roman|Halide Edib Adıvar|Can Yayınları|2007|424
9786053755319|Dune Mesihi|Roman|Frank Herbert|İthaki Yayınları|2016|304
9789754054910|Cesetler Merdiveni|Roman|Agatha Christie|Altın Kitaplar|1994|175
9789753420792|En Uzak Sahil-Yerdeniz Üçlemesi 3|Roman|Ursula K. Le Guin|Metis Yayıncılık|2000|216
9789752113008|Arka Sokaktaki Cinayet|Roman|Agatha Christie|Altın Kitaplar|2011|288
9789754700220|Mrs. Dalloway|Roman|Virginia Woolf|İletişim Yayıncılık|2004|192
9789750708619|Aşk ve Gurur|Roman|Jane Austen|Can Yayınları|2007|444
9789755108728|Büyülü Dağ - 2 Cilt Takım|Roman|Thomas Mann|Can Yayınları|2009|881
9789752732124|Bozkırdaki Çekirdek|Roman|Kemal Tahir|İthaki Yayınları|2017|456
9786053328582|Vadideki Zambak|Roman|Honore de Balzac|İş Bankası Kültür Yayınları|2016|328
9786051850689|Sonsuzluğa Nokta|Roman|Hasan Ali Toptaş|Everest Yayınları|2016|216
9786053756255|Palto|Roman|Nikolay Vasilyeviç Gogol|İthaki Yayınları|2017|72
9786051715131|Çoğunlukla Zararsız|Roman|Douglas Adams|Alfa Yayıncılık|2017|292
9789750734359|Papazın Kızı|Roman|George Orwell|Can Yayınları|2017|328
9789752122567|Son Nefes Havaya Karışmadan|Roman|Paul Kalanithi|Altın Kitaplar|2016|200
9786052318287|Teşkilatın Gözdesi|Roman|Dominique Manotti|Dipnot|2018|214
9786052954171|Kuyrukluyıldız Altında Bir İzdivaç-Türk Edebiyat Klasikleri 1|Roman|Hüseyin Rahmi Gürpınar|İş Bankası Kültür Yayınları|2018|84
9786050954685|Karanlık|Roman|E. L. James|Doğan Kitap|2018|616
9786057944085|Broke&Light|Roman|Zeynep Sahra|Ren Kitap|2018|544
9789750510861|Yedinci Gün|Roman|İhsan Oktay Anar|İletişim Yayıncılık|2012|240
9786050928167|1Q84 - 2. Kitap|Roman|Haruki Murakami|Doğan Kitap|2015|430
9786053751595|Bilge Adamın Korkusu - Kral Katili Güncesi 2. Gün|Roman|Patrick Rothfuss|İthaki Yayınları|2011|1142
9789750511127|Berci Kristin Çöp Masalları|Roman|Latife Tekin|İletişim Yayıncılık|2012|143
9789750722400|Burma Günleri|Roman|George Orwell|Can Yayınları|2004|315
9786059232593|Vezir|Roman|Aimee Carter|Ephesus Yayınları|2016|384
9789750738661|Patrick Melrose 1-Unut Gitsin|Roman|Edward St Aubyn|Can Yayınları|2018|152
9786052063873|Ölüme Terk Edilenler|Roman|Jane Casey|Olimpos Yayınları|2018|160
9786051852812|Çi-2.Kitap|Roman|Akilah Azra Kohen|Everest Yayınları|2018|312
9786052361771|Beyaz Diş|Roman|Jack London|İndigo Kitap|2018|288
9786051717944|Dirk Gently'nin Holistik Dedektiflik Bürosu|Roman|Douglas Adams|Alfa Yayıncılık|2018|336
9789755339016|Kafkas Masalları|Roman|Adolf Dirr|İmge Kitabevi|2018|111
9786053757153|Anlatış|Roman|Ursula K. Le Guin|İthaki Yayınları|2017|288
9789750737978|Hippi - Turuncu Kapak|Roman|Paulo Coelho|Can Yayınları|2018|264
9786053757764|Artemis|Roman|Andy Weir|İthaki Yayınları|2018|368
9786055903121|Yabana Doğru|Roman|Jon Krakauer|Siren Yayınları|2009|248
9789752892637|Köprü|Roman|Ayşe Kulin|Everest Yayınları|2005|240
9789750725418|Şili'de Gizlice|Roman|Gabriel Garcia Marquez|Can Yayınları|2003|158
9789754052107|Fare Kapanı|Roman|Agatha Christie|Altın Kitaplar|1997|173
9786051411231|Bab-ı Esrar|Roman|Ahmet Ümit|Everest Yayınları|2012|656
9789750807244|Çakırcalı Efe|Roman|Yaşar Kemal|Yapı Kredi Yayınları|2007|192
9786053606741|Robinson Crusoe - Hasan Ali Yücel Klasikleri|Roman|Daniel Defoe|İş Bankası Kültür Yayınları|2012|336
9789755708836|Cennetin Doğusu|Roman|John Steinbeck|Sel Yayıncılık|2017|656
9786053756637|Amerikan Tanrıları|Roman|Neil Gaiman|İthaki Yayınları|2017|712
9786059115834|Frida|Roman|Barbara Mujica|Zeplin Kitap|2017|480
9789754059748|Kemik Torbası|Roman|Stephen King|Altın Kitaplar|2000|592
9786050953152|Polis|Roman|Jo Nesbo|Doğan Kitap|2018|632
9786050955255|Sessizlik|Roman|Engin Akyürek|Doğan Kitap|2018|200
9786050955446|Gece Kuşları|Roman|George R. R. Martin|DEX|2018|388
9786052361580|Sınır|Roman|Beyza Alkoç|İndigo Kitap|2018|400
9789752123915|Haziran Senfonisi|Roman|Selahattin Nehir|Altın Kitaplar|2018|408
9786051852966|Flamingolar Pembedir|Roman|Aslı E. Perker|Everest Yayınları|2018|238
9789750807367|Demirciler Çarşısı Cinayeti - Akçasazın Ağaları 1|Roman|Yaşar Kemal|Yapı Kredi Yayınları|2003|584
9786055623852|Bir Vicdan Uyanıyor|Roman|Ahmet Lütfi Kazancı|Ensar Neşriyat|2015|274
9789753422796|Uyuyan Adam|Roman|Georges Perec|Metis Yayıncılık|2000|112
9789755390918|Kalecinin Penaltı Anındaki Endişesi|Roman|Peter Handke|Ayrıntı Yayınları|1995|112
9789759962814|Bir Adam Girdi Şehre Koşarak|Roman|Tarık Tufan|Profil Kitap|2010|120
9789755101798|Vadideki Zambak|Roman|Honore de Balzac|Can Yayınları|2007|296
9789758441792|Kadınlar|Roman|Charles Bukowski|Parantez Gazetecilik ve Yayıncılık|2003|320
9789750800030|Yüzüncü Ad - Baldassare'nin Yolculuğu|Roman|Amin Maalouf|Yapı Kredi Yayınları|2007|412
9786051417974|Handan|Roman|Ayşe Kulin|Everest Yayınları|2014|272
9789753424615|Öteki Rüzgar -  Yerdeniz Üçlemesi 5|Roman|Ursula K. Le Guin|Metis Yayıncılık|2004|232
9786055903558|Keşke Bugün Kendimle Karşılaşmasaydım|Roman|Herta Müller|Siren Yayınları|2015|200
9786055289317|Tanrı Daima Tebdil-i Kıyafet Gezer|Roman|Laurent Gounelle|Pegasus|2012|448
9786059371773|Metro 2035|Roman|Dmitry Glukhovsky|Panama Yayıncılık|2017|608
9786053756521|Karanlıkta Fısıldayan|Roman|Howard Phillips Lovecraft|İthaki Yayınları|2017|96
9786053113003|Amak-ı Hayal|Roman|Şehbenderzade Filibeli Ahmed Hilmi|Destek Yayınları|2017|208
9786051715087|Elveda ve Bütün O Balıklar İçin Teşekkürler|Roman|Douglas Adams|Alfa Yayıncılık|2017|216
9786059670449|Ateş ve Kılıç|Roman|Henryk Sienkiewicz|Karakarga|2017|336
9789752201279|Şu Çılgın Türkler|Roman|Turgut Özakman|Bilgi Yayınevi|2005|752
9789750837586|Babamın Bavulu|Roman|Orhan Pamuk|Yapı Kredi Yayınları|2016|88
9786051850788|Kanadı Kırık Kuşlar|Roman|Ayşe Kulin|Everest Yayınları|2016|392
9786052956618|Günümüz Türkçesiyle Refet-Türk Edebiyatı Klasikleri-11|Roman|Fatma Aliye|İş Bankası Kültür Yayınları|2018|152
9786052398487|İnsan Ne ile Yaşar|Roman|Lev Nikolayeviç Tolstoy|Ren Kitap|2017|96
9789755709338|Anarşist Banker|Roman|Fernando Pessoa|Sel Yayıncılık|2018|69
9786053758549|Amatka|Roman|Karin Tidbeck|İthaki Yayınları|2018|232
9786051717890|Sondan Bir Önceki Gerçek|Roman|Philip K. Dick|Alfa Yayıncılık|2018|304
9786051734835|4N1K 2-Film Özel Baskı|Roman|Büşra Yılmaz|Epsilon Yayınevi|2018|421
9786059530828|Makinelerin İmparatorluğu Serisi 1.Kitap|Roman|Yoon Ha Lee|Salon Yayınları|2018|368
9786052169230|Gezegenin Tamahkar Çocukları|Roman|Mustafa Akar|Turkuvaz Kitap|2018|104
9786052983171|Ay Işığı Sokağı-Yürek Çöküntüsü|Roman|Stefan Zweig|Kırmızı Kedi|2018|80
9789752112445|Sessiz Tanık|Roman|Agatha Christie|Altın Kitaplar|2010|336
9789752897427|Bir Ses Böler Geceyi|Roman|Ahmet Ümit|Everest Yayınları|2010|140
9789754370577|Yalnızız|Roman|Peyami Safa|Ötüken Neşriyat|1996|416
9786055358792|Gözlerinin Esareti|Roman|Jennifer Royce|Ephesus Yayınları|2015|573
9786055016487|Lola ve Komşu Çocuk|Roman|Stephanie Perkins|Yabancı|2015|320
9786052980064|Ceza Sömürgesi|Roman|Franz Kafka|Kırmızı Kedi|2016|58
9789755708140|Aşk Dersleri|Roman|Alain De Botton|Sel Yayıncılık|2016|240
9789750812729|Beton|Roman|Thomas Bernhard|Yapı Kredi Yayınları|2007|100
9789752202474|Diriliş-Çanakkale 1915|Roman|Turgut Özakman|Bilgi Yayınevi|2008|688
9789750721915|Yaprak Fırtınası|Roman|Gabriel Garcia Marquez|Can Yayınları|1994|128
9786059961660|Her Gün Hüzün - Sol ayağım 2|Roman|Christy Brown|Nemesis Kitap|2010|273
9789755707143|Vişnenin Cinsiyeti|Roman|Jeanette Winterson|Sel Yayıncılık|2015|174
9786053321910|Çocukluğum|Roman|Maksim Gorki|İş Bankası Kültür Yayınları|2014|282
9786056474361|Umudun Solduğu Tepe|Roman|Jessica Gregson|Geoturka|2015|316
9789752117600|Mezopotamya'da Cinayet|Roman|Agatha Christie|Altın Kitaplar|2013|285
9789751416193|Gözlerini Kaçırma|Roman|Irmak Zileli|Remzi Kitabevi|2014|232
9786054518555|Atlıkarıncada Bir Tur Daha|Roman|Tiziano Terzani|Pan Yayıncılık|2013|703
9786053140450|Uğultulu Tepeler|Roman|Emily Bronte|Ayrıntı Yayınları|2015|496
9786053605669|Ecinniler - Hasan Ali Yücel Klasikleri|Roman|Fyodor Mihayloviç Dostoyevski|İş Bankası Kültür Yayınları|2012|904
9789752895096|Veda - Esir Şehirde Bir Konak|Roman|Ayşe Kulin|Everest Yayınları|2008|390
9789754701340|Ankara|Roman|Yakup Kadri Karaosmanoğlu|İletişim Yayıncılık|2004|252
9786052022276|Bilinmeyen Bir Kadının Mektubu|Roman|Stefan Zweig|İlgi Kültür Sanat Yayınları|2017|72
9786052953198|Ruth-Modern Klasikler|Roman|Lou Andreas Salome|İş Bankası Kültür Yayınları|2018|252
9786052361399|Dava|Roman|Franz Kafka|İndigo Kitap|2017|304
9786054927203|Kopyalanmış Adam|Roman|Jose Saramago|Kırmızı Kedi|2014|308
9789750722202|Kuyu ve Sarkaç|Roman|Edgar Allan Poe|Can Yayınları|2014|256
9789752119161|Bay Mercedes|Roman|Stephen King|Altın Kitaplar|2014|432
9789944494373|Animal Triste|Roman|Monika Maron|Alef|2010|160
9789758441525|Pis Moruğun Notları|Roman|Charles Bukowski|Parantez Gazetecilik ve Yayıncılık|2002|176
9789750515477|Kumarbaz|Roman|Fyodor Mihayloviç Dostoyevski|İletişim Yayıncılık|2014|243
9789944889384|Germinal - Hasan Ali Yücel Klasikleri|Roman|Emile Zola|İş Bankası Kültür Yayınları|2010|556
9789944887427|Siyasetname - Hasan Ali Yücel Klasikleri|Roman|Nizamülmülk|İş Bankası Kültür Yayınları|2009|365
9789750725272|Aşk Mutfağından Yalnızlık Tarifleri|Roman|Yekta Kopan|Can Yayınları|2001|152
9789756165447|Katalonya'ya Selam|Roman|George Orwell|BGST|2011|262
9789753423274|Yerdeniz Öyküleri|Roman|Ursula K. Le Guin|Metis Yayıncılık|2001|276
9789752897823|Kardeş Payı|Roman|Orhan Kemal|Everest Yayınları|2010|113
9789750724107|Dalgaların Sesi|Roman|Yukio Mişima|Can Yayınları|2014|208
9789751414588|Eşik|Roman|Irmak Zileli|Remzi Kitabevi|2011|325
9789753427913|Rüyanın Öte Yakası|Roman|Ursula K. Le Guin|Metis Yayıncılık|2011|224
9789750722479|Venedik'te Ölüm|Roman|Thomas Mann|Can Yayınları|2007|116
9786056541070|Agnostik-Hararetli Bir Manifesto|Roman|Lesley Hazleton|Kitabix Yayınları|2017|192
9786052041314|Kitap-Sondan Sonra|Roman|Murat Hiçyılmaz|Eksik Parça|2017|344
9786053757313|Kullervo'nun Hikayesi|Roman|J.R.R. Tolkien|İthaki Yayınları|2017|152
9789750736063|Öyle Güzel Bir Yer ki|Roman|Murat Gülsoy|Can Yayınları|2017|240
9786052940433|İnsan Ne ile Yaşar|Roman|Leo Tolstoy|Mavi Çatı Yayınları|2017|104
9786059311274|Isparta Uçağındaki Sır|Roman|Haluk Özdil|Selis Kitaplar|2018|282
9786052060599|O Muydu?|Roman|Stefan Zweig|Zeplin Kitap|2018|56
9789753483988|Soyka-Benim Hikayem|Roman|Bedia Ceylan Güzelce|Çınar Yayınları|2018|152
9786052954270|Dede Korkut Hikayeleri-Kitab-ı Dedem Korkut|Roman|Kolektif|İş Bankası Kültür Yayınları|2018|208
9786056840524|Aşk Aptallığı|Roman|Wilhelm Genazino|Jaguar Kitap|2018|178
9786055162788|Vejetaryen|Roman|Han Kang|April Yayıncılık|2016|160
9786058259331|Bir Kedi, Bir Adam, İki Kadın|Roman|Cuniçiro Tanizaki|Jaguar Kitap|2017|104
9789754940510|Ayaşlı ile Kiracıları|Roman|Memduh Şevket Esendal|Bilgi Yayınevi|2005|253
9786050906387|1Q84|Roman|Haruki Murakami|Doğan Kitap|2012|1256
9786054683819|Kırık Kanatlar|Roman|Halil Cibran|Kapı Yayınları|2013|125
9789754706253|Solaris|Roman|Stanislaw Lem|İletişim Yayıncılık|2004|236
9789750509636|Sinek Isırıklarının Müellifi|Roman|Barış Bıçakçı|İletişim Yayıncılık|2011|166
9789754052213|Çarpık Evdeki Cesetler|Roman|Agatha Christie|Altın Kitaplar|2014|248
9786053323815|Kutadgu Bilig|Roman|Yusuf Has Hacib|İş Bankası Kültür Yayınları|2015|520
9786050944525|Kongo'ya Ağıt|Roman|Jean-Christophe Grange|Doğan Kitap|2017|608
9789759955755|Mahur Beste|Roman|Ahmet Hamdi Tanpınar|Dergah Yayınları|1998|175
9786055532567|Ubık|Roman|Philip K. Dick|Altıkırkbeş Basın Yayın|2012|320
9789754589597|Güliver'in Gezileri - Hasan Ali Yücel Klasikleri|Roman|Jonathan Swift|İş Bankası Kültür Yayınları|2015|0
9786055381752|Teneke Trampet|Roman|Günter Grass|Akılçelen Kitaplar|2015|727
9789752108974|Gece Yarısını Dört Geçe|Roman|Stephen King|Altın Kitaplar|2007|712
9789752447264|Karanlık Taraf|Roman|Cody McFadyen|Limos|2017|444
9786050950076|Buz Gibi Soğuk|Roman|Tess Gerritsen|Doğan Kitap|2018|344
9786051980300|Tavşan Yılı|Roman|Arto Paasilinna|Domingo Yayınevi|2018|144
9786052064351|Ateşle Oynama|Roman|Asude|Ephesus Yayınları|2018|544
9786051716978|Solgun Karanfil|Roman|Sinan Akyüz|Alfa Yayıncılık|2018|408
9786052994214|Kötülük Kariyeri-Cormoran Strike 3|Roman|Robert Galbraith|Pegasus|2018|544
9786051920856|Rüyalar Anlatılmaz|Roman|Nermin Yıldırım|Hep Kitap|2017|336
9786052950746|Ecce Homo-Kişi Nasıl Olduğu Kimse Olur|Roman|Friedrich Wilhelm Nietzsche|İş Bankası Kültür Yayınları|2017|128
9789750738647|Patrick Melrose 3-Biraz Umut|Roman|Edward St Aubyn|Can Yayınları|2018|152
9789750843587|Kefaret|Roman|Ian McEwan|Yapı Kredi Yayınları|2018|336
9786052060605|Yeraltından Notlar|Roman|Fyodor Mihayloviç Dostoyevski|Zeplin Kitap|2018|168
9786052954591|İntibah-Türk Edebiyatı Klasikleri 4|Roman|Namık Kemal|İş Bankası Kültür Yayınları|2018|164
9786051921372|Uyanan Güzel|Roman|Jale Sancak|Hep Kitap|2017|184
9789755338682|Hayvanlaşan İnsan|Roman|Emile Zola|İmge Kitabevi|2018|358
9789755394725|Kayboluş|Roman|Georges Perec|Ayrıntı Yayınları|2005|0
9789759916169|Kadının Adı Yok|Roman|Duygu Asena|Doğan Kitap|2008|184
9786051064390|İncir Kuşları|Roman|Sinan Akyüz|Alfa Yayıncılık|2017|328
9789755100883|Dünya Nimetleri ve Yeni Nimetler|Roman|Andre Gide|Can Yayınları|2015|200
9789755105451|On İki Gezici Öykü|Roman|Gabriel Garcia Marquez|Can Yayınları|1993|116
9789753710541|Atsız - Bozkurtların Ölümü|Roman|Hüseyin Nihal Atsız|İrfan Yayıncılık|2004|471
9789759914899|Zargana|Roman|Hakan Günday|Doğan Kitap|2002|192
9786051417493|Fikrimin İnce Gülü|Roman|Adalet Ağaoğlu|Everest Yayınları|2014|312
9789753636032|Guermantes Tarafı-Kayıp Zamanın İzi|Roman|Marcel Proust|Yapı Kredi Yayınları|2000|536
9789754584486|Piramit|Roman|William Golding|İş Bankası Kültür Yayınları|2015|232
9789944824354|Taht Oyunları|Roman|George R. R. Martin|Epsilon Yayınevi|2011|850
9786051428109|Tanrıların Alacakaranlığı|Roman|Erich Von Daniken|Artemis Yayınları|2015|270
9789750735479|6.27 Treni|Roman|Jean Paul Didierlaurent|Can Yayınları|2017|136
9789750737954|Hippi - Mavi Kapak|Roman|Paulo Coelho|Can Yayınları|2018|264
9789752119253|Kramponlu Ceset|Roman|Celil Oker|Altın Kitaplar|2015|240
9789944887359|Müfettiş - Hasan Ali Yücel Klasikleri|Roman|Nikolay Vasilyeviç Gogol|İş Bankası Kültür Yayınları|2009|129
9789752118614|Çıplak Ceset|Roman|Celil Oker|Altın Kitaplar|2014|144
9789750733154|Muz Sesleri|Roman|Ece Temelkuran|Can Yayınları|2016|304
9786055147716|Hz. Mevlana-Aşkın Gözyaşları 2|Roman|Sinan Yağmur|Kapı Yayınları|2016|264
9789752107502|Cenazeden Sonra|Roman|Agatha Christie|Altın Kitaplar|2006|320
9789752124240|Beklenmeyen Şahit ve Diğer Öyküler|Roman|Agatha Christie|Altın Kitaplar|2018|280
9786051853017|Elimde Viyoletler Beklenen Sevgili|Roman|Selim İleri|Everest Yayınları|2018|230
9789750738388|Savaş ve Barış-Fotoğraflı Klasik|Roman|Lev Tolstoy|Can Yayınları|2018|1880
9786052060322|İyi Asker-Bir Tutku Öyküsü|Roman|Ford Madox Ford|Zeplin Kitap|2018|312
9789753420723|Ekmek Arası|Roman|Charles Bukowski|Metis Yayıncılık|2000|272
9786051415529|Patasana|Roman|Ahmet Ümit|Everest Yayınları|2010|520
9789750517808|Bütün Öyküleri - 2 Kitap Takım|Roman|Edgar Allan Poe|İletişim Yayıncılık|2015|1415
9789755109510|Timbuktu|Roman|Paul Auster|Can Yayınları|1999|165
9789752732278|Yitik Bir Aşkın Gölgesinde|Roman|Mehmed Uzun|İthaki Yayınları|2006|295
9789754058765|Büyücü ve Cam Küre - Kara Kule Serisi 4.Kitap|Roman|Stephen King|Altın Kitaplar|2010|800
9789753443807|Musa Dağ'da Kırk Gün|Roman|Franz Werfel|Belge Yayınları|1998|774
9789755100876|Yaralısın|Roman|Erdal Öz|Can Yayınları|1998|272
9786053325161|Ölümcül Yumurtalar|Roman|Mihayl Afanasyeviç Bulgakov|İş Bankası Kültür Yayınları|2015|136
9789944122146|Alnında Mavi Kuşlar|Roman|Aysel Özakın|Yordam Kitap|2007|192
9789753631204|Franny ve Zooey|Roman|Jerome David Salinger|Yapı Kredi Yayınları|2000|156
9786051417820|Ağaç Diken Adam|Roman|Jean Giono|Everest Yayınları|2014|60
9786053609940|Üç Ölüm - Hasan Ali Yücel Klasikleri|Roman|Lev Nikolayeviç Tolstoy|İş Bankası Kültür Yayınları|2013|116
9789759997212|Kırık Çömlek Parçası|Roman|Linda Sue Park|Beyaz Balina Yayınları|2014|168
9786050940350|Huzursuzluk|Roman|Zülfü Livaneli|Doğan Kitap|2017|160
9789750840876|Taksitle Ölüm|Roman|Louis Ferdinand Celine|Yapı Kredi Yayınları|2017|544
9786051714813|Yok Oluş|Roman|Jeff Vandermeer|Alfa Yayıncılık|2017|232
9789755102696|Ay Sarayı|Roman|Paul Auster|Can Yayınları|1991|302
9789750514524|Yeraltından Notlar|Roman|Fyodor Mihayloviç Dostoyevski|İletişim Yayıncılık|2014|216
9789752120488|Kan ve Kum|Roman|Nick Shadow|Altın Kitaplar|2015|112
9789752105126|Kanatsız Kuşlar|Roman|Louis de Bernieres|Altın Kitaplar|2004|656
9786059158589|Yedinci Gün|Roman|Yu Hua|Alabanda|2016|216
9786059232449|Kore'deki Çatı Katımdan Sesleniyorum|Roman|Didem Duygu Demir|Ephesus Yayınları|2016|378
9789752892866|Rukas|Roman|İsmail Güzelsoy|Everest Yayınları|2006|200
9789755705989|Eylülün Gölgesinde Bir Yazdı|Roman|Ferit Edgü|Sel Yayıncılık|2012|110
9786050935370|Havva'nın Üç Kızı|Roman|Elif Şafak|Doğan Kitap|2016|424
9786053111320|Furkan Allah'a Emanet Ol|Roman|Kahraman Tazeoğlu|Destek Yayınları|2016|136
9786052981801|Sıfır|Roman|Onur Caymaz|Kırmızı Kedi|2017|600
9786051734750|Sana Not Bıraktım - Bir Anne Kız Hikayesi|Roman|Alice Kuipers|Epsilon Yayınevi|2018|232
9786051710686|Saklambaç-Bir Dedektif John Rebus Polisiyesi 2|Roman|Ian Rankin|Alfa Yayıncılık|2018|310
9786052983591|Dönüş|Roman|Alberto Manguel|Kırmızı Kedi|2018|88
9786051716732|Bay Uzay Gemisi-Toplu Öyküler 1.Cilt|Roman|Philip K. Dick|Alfa Yayıncılık|2018|600
9786052134085|Yakıcı Sır|Roman|Stefan Zweig|Tutku Yayınevi|2018|112
9786050950335|Hasat|Roman|Tess Gerritsen|Doğan Kitap|2018|408
9786052032077|Beyaz Zambaklar Ülkesinde|Roman|Grigoriy Petrov|Kaldırım|2018|120
9786052318201|Üç Kırık Dal|Roman|İdris Baluken|Dipnot|2018|294
9789750523601|Dünyadan Aşağı|Roman|Gaye Boralıoğlu|İletişim Yayıncılık|2018|274
9786059127349|Metro 2033|Roman|Dmitry Glukhovsky|Panama Yayıncılık|2015|600
9789750732065|Seksek|Roman|Julio Cortazar|Can Yayınları|2016|752
9786053755548|Yıldız Gemisi Askerleri|Roman|Robert A. Heinlein|İthaki Yayınları|2016|308
9786055358303|Aşkın Kollarında|Roman|Julianne MacLean|Ephesus Yayınları|2013|374
9789944888059|Aforizmalar|Roman|Franz Kafka|İş Bankası Kültür Yayınları|2010|109
9789753422352|Kırmızı Kitap|Roman|Engin Geçtan|Metis Yayıncılık|2016|208
9789753296458|Kıskanmak|Roman|Nahid Sırrı Örik|Oğlak Yayıncılık|1994|248
9789759914615|Kızıl Nehirler|Roman|Jean-Christophe Grange|Doğan Kitap|2002|405
9789944821094|Alacakaranlık - Alacakaranlık serisi 1.Kitap|Roman|Stephenie Meyer|Epsilon Yayınevi|2008|400
9789752894532|Nefes Nefese|Roman|Ayşe Kulin|Everest Yayınları|2007|372
9789753420631|Göçmüş Kediler Bahçesi|Roman|Bilge Karasu|Metis Yayıncılık|2007|230
9786053605409|Akıl Çağı - Hasan Ali Yücel Klasikleri|Roman|Thomas Paine|İş Bankası Kültür Yayınları|2012|184
9789757076209|Hayyam-Yıldızların Efendisi|Roman|Harold Lamb|Yurt Kitap Yayın|1999|336
9786053754367|Sonbahar Ülkesi|Roman|Ray Bradbury|İthaki Yayınları|2015|416
9789944889858|Ölü Canlar - Hasan Ali Yücel Klasikleri|Roman|Nikolay Vasilyeviç Gogol|İş Bankası Kültür Yayınları|2010|484
9789752104372|Üç'ün Çekilişi - Kara Kule Serisi 2.Kitap|Roman|Stephen King|Altın Kitaplar|2004|480
9789752891777|Kayıp Romanlar|Roman|Vedat Türkali|Everest Yayınları|2004|631
9789750723377|İncir Tarihi|Roman|Faruk Duman|Can Yayınları|2010|344
9789752102170|Rüya Avcısı|Roman|Stephen King|Altın Kitaplar|2015|544
9789753710558|Atsız - Bozkurtlar Diriliyor|Roman|Hüseyin Nihal Atsız|İrfan Yayıncılık|1997|221
9789750505850|Bir Süre Yere Paralel Gittikten Sonra|Roman|Barış Bıçakçı|İletişim Yayıncılık|2008|136
9789758607273|Dr. Moreau'nun Adası|Roman|H. G. Wells|İthaki Yayınları|2000|160
9786050934694|Lontano|Roman|Jean-Christophe Grange|Doğan Kitap|2016|656
9786052019313|Alt Dünya Seçilmişler|Roman|Engin Eser|Bilgeoğuz Yayınları|2018|88
9786054820658|Babam Giderken|Roman|Alberto Barrera Tyszka|Kafka|2018|172
9786051852867|Benim Olağanüstü Akıllı Arkadaşım-Napoli Romanları 1.Kitap-Midi Boy|Roman|Elena Ferrante|Everest Yayınları|2018|408
9786053114796|Mükemmeli Arayan Kadın|Roman|Emre Alkin|Destek Yayınları|2018|160
9786051852980|Madam Floridis Dönmeyebilir|Roman|Mario Levi|Everest Yayınları|2018|175
9786056813153|Kız Kulesi'ne Gülümserken|Roman|Barkın Arslan|Cenova|2018|0
9786052956236|Taaşşuk-ı Talat ve Fitnat-Günümüz Türkçesiyle|Roman|Şemseddin Sami|İş Bankası Kültür Yayınları|2018|116
9786053757597|Değiştirilmiş Karbon|Roman|Richard K. Morgan|İthaki Yayınları|2018|496
9789753900584|Günlerin Köpüğü|Roman|Boris Vian|E Yayınları|2000|256
9786051417301|Bir Düğün Gecesi - Dar Zamanlar 2|Roman|Adalet Ağaoğlu|Everest Yayınları|2014|380
9786051117218|Sınırın Güneyinde Güneşin Batısında|Roman|Haruki Murakami|Doğan Kitap|2007|187
9786056501937|Hızlandıkça Azalıyorum|Roman|Kjersti Skomsvold|Jaguar Kitap|2013|132
9789755707600|Tespih Ağacının Gölgesinde|Roman|Harper Lee|Sel Yayıncılık|2015|240
9789754340457|Bir Delinin Hatıra Defteri|Roman|Nikolay Vasilyeviç Gogol|Varlık Yayınları|2016|101
9789751001054|Tanrı Misafiri|Roman|Reşat Nuri Güntekin|İnkılap Kitabevi|2008|174
9789753420907|Troya'da Ölüm Vardı|Roman|Bilge Karasu|Metis Yayıncılık|2007|145
9789750503726|Amat|Roman|İhsan Oktay Anar|İletişim Yayıncılık|2005|235
9786055360443|Psikiyatrist|Roman|Wulf Dorn|Pegasus|2012|416
9786051422787|Bir Cihan Kafes|Roman|İclal Aydın|Artemis Yayınları|2013|340
9789752638518|Lâ Sonsuzluk Hecesi|Roman|Nazan Bekiroğlu|Timaş Yayınları|2008|384
9789750713354|Günlerin Getirdiği|Roman|Isabel Allende|Can Yayınları|2011|440
9786058667945|Palto|Roman|Nikolay Vasilyeviç Gogol|Kolektif Kitap|2012|72
9789750736933|Şeytan ve Genç Kadın|Roman|Paulo Coelho|Can Yayınları|2016|198
9789750732775|Foucault Sarkacı|Roman|Umberto Eco|Can Yayınları|2000|912
9789750724992|Usta ile Margarita|Roman|Mihayl Afanasyeviç Bulgakov|Can Yayınları|2003|576
9786050946291|Birini Pencere Kenarına Çiçek Koyacak Kadar Sevmek Lazım|Roman|Kemal Hamamcıoğlu|Doğan Kitap|2017|288
9789750842429|Sabahattin Ali Üç Roman|Roman|Sabahattin Ali|Yapı Kredi Yayınları|2018|572
9786051714486|Yağmurun Gelini|Roman|Sinan Akyüz|Alfa Yayıncılık|2017|333
9786053263371|Acı Yok|Roman|Ömer Çelik|İz Yayıncılık|2018|176
9786053043973|Kralın Laneti|Roman|Philippa Gregory|Artemis Yayınları|2018|756
9789750842313|Ozan Beedle'ın Hikayeleri|Roman|J. K. Rowling|Yapı Kredi Yayınları|2018|160
9786052221426|Benliğini Arayan Çocuk|Roman|Virginia M.Axline|Panama Yayıncılık|2018|268
9789752123908|Picasso ve Aşçısı|Roman|Camille Aubray|Altın Kitaplar|2018|448
9786053114598|İyiler Kaybetmez Kaybedilir|Roman|Seda Eroğlu|Destek Yayınları|2018|136
9786052214299|67|Roman|Oğuzhan Uğur|Hayykitap|2018|128
9789752444454|Stefan Zweig Seti-5 Kitap Takım Kutulu|Roman|Stefan Zweig|Panama Yayıncılık|2017|0
9786051030388|Onca Yoksulluk Varken|Roman|Emile Ajar|Agora Kitaplığı|2009|197
9789759919559|Yaban Koyununun İzinde|Roman|Haruki Murakami|Doğan Kitap|2008|356
9786051114682|Baba ve Piç|Roman|Elif Şafak|Doğan Kitap|2010|416
9789753429993|Barbarın Kahkahası|Roman|Sema Kaygusuz|Metis Yayıncılık|2015|152
9789756006825|Şahane Hatalar 1|Roman|Heather McElhatton|April Yayıncılık|2011|640
9789750807336|Yusufçuk Yusuf - Akçasazın Ağaları 2|Roman|Yaşar Kemal|Yapı Kredi Yayınları|2003|672
9786055381301|Kralların Yolu - Fırtınaışığı Arşivi Cilt 1|Roman|Brandon Sanderson|Akılçelen Kitaplar|2014|912
9786053603269|Tuhaf Bir Kadın|Roman|Leyla Erbil|İş Bankası Kültür Yayınları|2011|188
9789752117037|Son Evdeki Tehlike|Roman|Agatha Christie|Altın Kitaplar|2013|256
9786059609180|3:01|Roman|Simon Kernick|Olimpos Yayınları|2016|344
9786053041511|Dağ Gölgesi|Roman|Gregory David Roberts|Artemis Yayınları|2016|816
9786058209268|Sultan Mehmet'in Casusları|Roman|Halil Yaşar Kollu|Lopus|2018|240
9786052064719|Gözlük 2-Lacivert Pazartesi|Roman|Koray Yersüren|Ephesus Yayınları|2018|424
9786051718101|Ölüm Labirenti|Roman|Philip K. Dick|Alfa Yayıncılık|2018|248
9786058147515|Dolunay Kırmızısı|Roman|Haşmet Işıklı|Tara Kitap|2018|232
9786052956274|Mai ve Siyah-Günümüz Türkçesiyle|Roman|Halid Ziya Uşaklıgil|İş Bankası Kültür Yayınları|2018|264
9786052398715|Lyon’da Düğün|Roman|Stefan Zweig|Ren Kitap|2018|112
9786051850313|Heba|Roman|Hasan Ali Toptaş|Everest Yayınları|2016|376
9789750733314|Siddhartha - Mini Kitap|Roman|Hermann Hesse|Can Yayınları|2016|360
9786051851846|Yanlış Tercihler Mahallesi|Roman|Mario Levi|Everest Yayınları|2017|390
9786052064436|Izabel-Katiller Çetesi|Roman|J. A. Redmerski|Ephesus Yayınları|2018|368
9786056567810|Khair Khana Terzisi|Roman|Gayle Tzemach Lemmon|Geoturka|2015|228
9786054985692|Amak-ı Hayal|Roman|Şehbenderzade Filibeli Ahmed Hilmi|Antik Kitap|2009|160
9789752893580|Kırmızı Pelerinli Kent|Roman|Aslı Erdoğan|Everest Yayınları|2006|144
9789755390758|Fransız Teğmenin Kadını|Roman|John Fowles|Ayrıntı Yayınları|2000|480
9789750735196|Amok Koşucusu|Roman|Stefan Zweig|Can Yayınları|2010|189
9786055358044|Kördüğüm|Roman|Heidi Betts|Ephesus Yayınları|2012|280
9789755390900|Kürklü Venüs|Roman|Leopold Von Sacher - Masoch|Ayrıntı Yayınları|2016|176
9786053754190|Locke Lamora'nın Yalanları|Roman|Scott Lynch|İthaki Yayınları|2014|584
9786053430933|Aynı Yıldızın Altında|Roman|John Green|Pegasus|2013|320
9789754588255|Kamelyalı Kadın - Hasan Ali Yücel Klasikleri|Roman|Alexandre Dumas|İş Bankası Kültür Yayınları|2006|240
9789755708027|Ay Batarken|Roman|John Steinbeck|Sel Yayıncılık|2016|110
9786053160977|Çukur|Roman|Andrey Platonov|Metis Yayıncılık|2017|168
9789752894402|Veda - Esir Şehirde Bir Konak|Roman|Ayşe Kulin|Everest Yayınları|2007|390
9789750504402|Her Temas İz Bırakır|Roman|Emrah Serbes|İletişim Yayıncılık|2006|299
9789756329900|Şair|Roman|Rafet Elçi|Litera|2013|544
9799752890007|İki Yeşil Su Samuru|Roman|Buket Uzuner|Everest Yayınları|2002|300
9789754705423|Kitab-ül Hiyel|Roman|İhsan Oktay Anar|İletişim Yayıncılık|1996|144
9789752897380|Beyoğlu Rapsodisi|Roman|Ahmet Ümit|Everest Yayınları|2010|408
9789753420938|Tehanu - Yerdeniz Üçlemesi 4|Roman|Ursula K. Le Guin|Metis Yayıncılık|2000|215
9789753631488|Ulysses|Roman|James Joyce|Yapı Kredi Yayınları|2012|844
9789752103597|Çorak Topraklar - Kara Kule Serisi 3.Kitap|Roman|Stephen King|Altın Kitaplar|2017|576
9786053438373|Bülbül|Roman|Kristin Hannah|Pegasus|2017|544
9786054969487|Polisiye Öyküler|Roman|Kolektif|Kelime Yayınları|2018|310
9789750737282|Yüzyıllık Yalnızlık-Mini Kitap|Roman|Gabriel Garcia Marquez|Can Yayınları|2018|792
9789750839092|Paris Köylüsü|Roman|Louis Aragon|Yapı Kredi Yayınları|2017|168
9786058259362|Tütüncü Çırağı|Roman|Robert Seethaler|Jaguar Kitap|2017|218
9786050955613|Mükemmel Olmayan Hayatım|Roman|Sophie Kinsella|DEX|2018|369
9789755709543|Süleyman'ın Şarkısı|Roman|Toni Morrison|Sel Yayıncılık|2018|396
9789754582864|Kule|Roman|William Golding|İş Bankası Kültür Yayınları|2001|242
9786054629640|Peter Pan Ölmeli|Roman|John Verdon|Koridor Yayıncılık|2014|528
9786051411224|Bab-ı Esrar|Roman|Ahmet Ümit|Everest Yayınları|2012|408
9786055164522|Güneş Gibiydi|Roman|Anita Amirrezvani|Odtü|2013|476
9789750721748|Martin Eden|Roman|Jack London|Can Yayınları|2014|496
9789750735769|Okul Sıkıntısı|Roman|Daniel Pennac|Can Yayınları|2010|248
9789753427968|Yarınki Yüzün - Ateş ve Mızrak|Roman|Javier Marias|Metis Yayıncılık|2011|336
9799756237747|Tayfun|Roman|Qaisra Shahraz|Truva Yayınları|2005|346
9789752895638|Umut - Hayat Akan Bir Sudur|Roman|Ayşe Kulin|Everest Yayınları|2008|392
9789755390772|Murphy|Roman|Samuel Beckett|Ayrıntı Yayınları|1999|178
9789752732261|Kader Kuyusu|Roman|Mehmed Uzun|İthaki Yayınları|2006|389
9789755101293|İskenderiye Dörtlüsü 1-Justine|Roman|Lawrence Durrell|Can Yayınları|1997|256
9786055903053|Aşırı Gürültülü ve İnanılmaz Yakın|Roman|Jonathan Safran Foer|Siren Yayınları|2008|400
9789753428675|Mesela Saat Onda|Roman|Engin Geçtan|Metis Yayıncılık|2012|280
9789944886253|Üç Silahşör - Hasan Ali Yücel Klasikleri|Roman|Alexandre Dumas|İş Bankası Kültür Yayınları|2009|755
9789754701012|Lolita|Roman|Vladimir Nabokov|İletişim Yayıncılık|2001|364
9789755394657|Uyku|Roman|Annelies Verbeke|Ayrıntı Yayınları|2005|124
9789753424554|Tren|Roman|Engin Geçtan|Metis Yayıncılık|2004|250
9789755706436|Tatlı Perşembe|Roman|John Steinbeck|Sel Yayıncılık|2013|263
9789754472257|Kırık Hayatlar|Roman|Halid Ziya Uşaklıgil|Özgür Yayınları|2006|416
9786053437130|Eleanor - Park|Roman|Rainbow Rowell|Pegasus|2015|360
9786053327547|Siyah Lale|Roman|Alexandre Dumas|İş Bankası Kültür Yayınları|2016|256
9786053327400|Doktor Hastalandı|Roman|Anthony Burgess|İş Bankası Kültür Yayınları|2016|264
9789750519758|Gözyaşı Konağı Ada 1876|Roman|Şebnem İşigüzel|İletişim Yayıncılık|2016|250
9786059658195|Subay ve Casus|Roman|Robert Harris|Kırmızı Kedi|2016|464
9789750518997|Öyle Miymiş?|Roman|Şule Gürbüz|İletişim Yayıncılık|2016|198
9786053758198|Yakma Zevki: Fahrenheit 451 Öyküleri|Roman|Ray Bradbury|İthaki Yayınları|2012|486
9786053327837|Feniçka|Roman|Lou Andreas Salome|İş Bankası Kültür Yayınları|2016|80
9786050931501|Yüreğim Seni Çok Sevdi|Roman|Canan Tan|Doğan Kitap|2016|444
9786053756446|Bitmeyen Savaş|Roman|Joe Haldeman|İthaki Yayınları|2017|304
9786053328674|Katip Bartleby|Roman|Hermon Melville|İş Bankası Kültür Yayınları|2016|72
9789752122574|Stephen King Seti - 3 Kitap Takım|Roman|Stephen King|Altın Kitaplar|2016|966
9789752447844|Kara Kutu|Roman|Michael Connelly|Limos|2018|334
9789750524134|Evvel Zaman|Roman|Ercan Kesal|İletişim Yayıncılık|2018|216
9786051920672|Kapalıçarşı|Roman|Fuat Sevimay|Hep Kitap|2017|272
9786052398425|Bir Delinin Hatıra Defteri|Roman|Nikolay Vasilyeviç Gogol|Ren Kitap|2017|128
9786053758334|İmparatorluğun Çöküşü|Roman|John Scalzi|İthaki Yayınları|2018|360
9786053758372|Yaşlı Adamın Savaşı|Roman|John Scalzi|İthaki Yayınları|2018|352
9786052064726|Kutup Yıldızı 1|Roman|Mehtap Fırat|Ephesus Yayınları|2018|480
9786053114581|Jozef Nasi-Büyük Hayalin Peşinde|Roman|Aaron Nommaz|Destek Yayınları|2018|272
9786052177419|Toprağın Sonu-Üçüncü Kitap|Roman|Elise Kova|Yabancı|2018|344
9786051415512|Kavim|Roman|Ahmet Ümit|Everest Yayınları|2010|535
9786055057909|Agapi Ölümsüz Aşk|Roman|Sarah Jio|Pena Yayınları|2017|344
9786055147860|Karun ve Anarşist|Roman|İskender Pala|Kapı Yayınları|2017|320
9786053336884|Sözde Kızlar|Roman|Peyami Safa|Beta Yayınları|2016|204
9786059734363|Bir Kadının Yirmi Dört Saati|Roman|Stefan Zweig|Tutku Yayınevi|2016|96
9786052361719|Satranç|Roman|Stefan Zweig|İndigo Kitap|2018|96
9789944886383|Sivastopol - Hasan Ali Yücel Klasikleri|Roman|Lev Nikolayeviç Tolstoy|İş Bankası Kültür Yayınları|2009|184
9789754378023|Ruh Adam|Roman|Hüseyin Nihal Atsız|Ötüken Neşriyat|2017|308
9789754378016|Deli Kurt|Roman|Hüseyin Nihal Atsız|Ötüken Neşriyat|2012|246
